dataset,repeat,sequence,distribution,source_bytes,transfer_bytes,outer_compression_ratio,package_ms,download_ms,extract_ms,first_read_ms,end_to_end_ms,temporary_bytes,final_bytes,sha256_ok,first_value
LAI_MODIS_2X_8D_2020_V1,5,1,nc,13936426,13936426,0.0,0.0,25.443334,0.0,2.485917,27.931917,13936426,13936426,True,nan
ELEV_4X_1Y_V1,1,2,nc,810299,810299,0.0,0.0,1.455584,0.0,1.636333,3.093792,810299,810299,True,0.0
ELEV_4X_1Y_V1,8,3,nc,810299,810299,0.0,0.0,2.435834,0.0,1.329625,3.766542,810299,810299,True,0.0
LAI_MODIS_2X_8D_2020_V1,7,4,tar.gz,13936426,13634795,0.02164335389862504,236.115583,11.893417,65.265625,2.12,79.297292,27571221,13936426,True,nan
LAI_MODIS_2X_8D_2020_V1,4,5,tar.gz,13936426,13634795,0.02164335389862504,236.115583,24.966541,65.035875,2.277459,92.299541,27571221,13936426,True,nan
LAI_MODIS_2X_8D_2020_V1,1,6,nc,13936426,13936426,0.0,0.0,27.789084,0.0,2.260125,30.051625,13936426,13936426,True,nan
LAI_MODIS_2X_8D_2020_V1,6,7,tar.gz,13936426,13634795,0.02164335389862504,236.115583,15.240375,68.9845,2.560875,86.817084,27571221,13936426,True,nan
ELEV_4X_1Y_V1,9,8,nc,810299,810299,0.0,0.0,3.146833,0.0,1.85625,5.005333,810299,810299,True,0.0
LAI_MODIS_2X_8D_2020_V1,6,9,nc,13936426,13936426,0.0,0.0,22.9045,0.0,2.203834,25.110959,13936426,13936426,True,nan
LAI_MODIS_2X_8D_2020_V1,5,10,tar.gz,13936426,13634795,0.02164335389862504,236.115583,12.6455,66.883333,2.280125,81.82975,27571221,13936426,True,nan
LAI_MODIS_2X_8D_2020_V1,7,11,nc,13936426,13936426,0.0,0.0,25.947375,0.0,2.318,28.268,13936426,13936426,True,nan
LAI_MODIS_2X_8D_2020_V1,4,12,nc,13936426,13936426,0.0,0.0,12.9305,0.0,2.622625,15.55625,13936426,13936426,True,nan
ELEV_4X_1Y_V1,6,13,nc,810299,810299,0.0,0.0,1.416875,0.0,1.719625,3.138459,810299,810299,True,0.0
ELEV_4X_1Y_V1,3,14,tar.gz,810299,758213,0.06427997566330457,16.303083,1.149083,4.377958,1.370542,6.909208,1568512,810299,True,0.0
ELEV_4X_1Y_V1,7,15,tar.gz,810299,758213,0.06427997566330457,16.303083,1.336084,4.219583,1.220292,6.783584,1568512,810299,True,0.0
LAI_MODIS_2X_8D_2020_V1,9,16,nc,13936426,13936426,0.0,0.0,12.382125,0.0,2.221083,14.606125,13936426,13936426,True,nan
ELEV_4X_1Y_V1,5,17,tar.gz,810299,758213,0.06427997566330457,16.303083,1.321,4.501542,1.561625,7.397208,1568512,810299,True,0.0
ELEV_4X_1Y_V1,3,18,nc,810299,810299,0.0,0.0,1.33825,0.0,1.292833,2.632417,810299,810299,True,0.0
ELEV_4X_1Y_V1,6,19,tar.gz,810299,758213,0.06427997566330457,16.303083,1.522333,4.285958,1.159916,6.974708,1568512,810299,True,0.0
LAI_MODIS_2X_8D_2020_V1,10,20,tar.gz,13936426,13634795,0.02164335389862504,236.115583,11.41875,67.243792,2.000375,80.688541,27571221,13936426,True,nan
ELEV_4X_1Y_V1,10,21,tar.gz,810299,758213,0.06427997566330457,16.303083,2.324708,4.452792,1.5785,8.366416,1568512,810299,True,0.0
ELEV_4X_1Y_V1,5,22,nc,810299,810299,0.0,0.0,2.378417,0.0,1.30375,3.68325,810299,810299,True,0.0
LAI_MODIS_2X_8D_2020_V1,3,23,nc,13936426,13936426,0.0,0.0,24.855542,0.0,2.017042,26.8755,13936426,13936426,True,nan
ELEV_4X_1Y_V1,2,24,nc,810299,810299,0.0,0.0,2.672708,0.0,1.581333,4.255542,810299,810299,True,0.0
ELEV_4X_1Y_V1,8,25,tar.gz,810299,758213,0.06427997566330457,16.303083,2.452167,4.586041,1.232792,8.280792,1568512,810299,True,0.0
LAI_MODIS_2X_8D_2020_V1,1,26,tar.gz,13936426,13634795,0.02164335389862504,236.115583,18.347875,65.619792,2.02525,86.010833,27571221,13936426,True,nan
LAI_MODIS_2X_8D_2020_V1,10,27,nc,13936426,13936426,0.0,0.0,25.767833,0.0,2.285,28.055708,13936426,13936426,True,nan
ELEV_4X_1Y_V1,4,28,nc,810299,810299,0.0,0.0,2.512042,0.0,1.559166,4.073125,810299,810299,True,0.0
ELEV_4X_1Y_V1,10,29,nc,810299,810299,0.0,0.0,2.4435,0.0,1.403709,3.84875,810299,810299,True,0.0
LAI_MODIS_2X_8D_2020_V1,8,30,nc,13936426,13936426,0.0,0.0,15.518042,0.0,2.046917,17.567625,13936426,13936426,True,nan
LAI_MODIS_2X_8D_2020_V1,3,31,tar.gz,13936426,13634795,0.02164335389862504,236.115583,9.366459,66.508792,2.177125,78.073625,27571221,13936426,True,nan
ELEV_4X_1Y_V1,4,32,tar.gz,810299,758213,0.06427997566330457,16.303083,2.301625,4.203125,1.628291,8.143458,1568512,810299,True,0.0
LAI_MODIS_2X_8D_2020_V1,2,33,tar.gz,13936426,13634795,0.02164335389862504,236.115583,23.448166,66.272,2.050334,91.789583,27571221,13936426,True,nan
ELEV_4X_1Y_V1,9,34,tar.gz,810299,758213,0.06427997566330457,16.303083,2.435792,4.268542,1.725708,8.442459,1568512,810299,True,0.0
LAI_MODIS_2X_8D_2020_V1,9,35,tar.gz,13936426,13634795,0.02164335389862504,236.115583,20.83125,65.792042,2.042708,88.687083,27571221,13936426,True,nan
LAI_MODIS_2X_8D_2020_V1,8,36,tar.gz,13936426,13634795,0.02164335389862504,236.115583,28.338666,66.512125,2.233292,97.104708,27571221,13936426,True,nan
LAI_MODIS_2X_8D_2020_V1,2,37,nc,13936426,13936426,0.0,0.0,23.923334,0.0,2.38725,26.318042,13936426,13936426,True,nan
ELEV_4X_1Y_V1,1,38,tar.gz,810299,758213,0.06427997566330457,16.303083,2.643625,4.107792,1.610584,8.371834,1568512,810299,True,0.0
ELEV_4X_1Y_V1,7,39,nc,810299,810299,0.0,0.0,3.129166,0.0,1.185084,4.315125,810299,810299,True,0.0
ELEV_4X_1Y_V1,2,40,tar.gz,810299,758213,0.06427997566330457,16.303083,2.750667,4.409833,1.239916,8.4095,1568512,810299,True,0.0
