tag,path,url_count,has_size,has_sha256,integrity_ready
"BIOMASS_ROOT_120X_1Y_V1","public/v0","1","false","false","false"
"BIOMASS_SHOOT_120X_1Y_V2","public/v0","1","false","false","false"
"CHL_20X_7D_V2","public/v0","1","false","false","false"
"CHL_2X_7D_V1","public/v0","2","true","true","true"
"CHL_2X_7D_V1_R1","public/v0","2","false","false","false"
"CHL_2X_7D_V2","public/v0","1","false","false","false"
"CH_20X_1Y_V1","public/v0","2","true","true","true"
"CH_2X_1Y_V2","public/v0","1","false","false","false"
"CI_20X_1M_V3","public/v0","1","false","false","false"
"CI_240X_1Y_V1","public/v0","1","false","false","false"
"CI_2X_1M_V3","public/v0","2","true","true","true"
"CI_2X_1M_V3_R1","public/v0","2","false","false","false"
"CI_2X_1Y_V1","public/v0","2","false","false","false"
"CI_2X_1Y_V1_R1","public/v0","2","false","false","false"
"CI_2X_1Y_V2","public/v0","1","false","false","false"
"CLOUD_FRACTION_CERES_EBAF_ED4.2_1X_1M_2000_V1","public/v0","1","false","false","false"
"CLOUD_FRACTION_CERES_EBAF_ED4.2_1X_1M_2001_V1","public/v0","1","false","false","false"
"CLOUD_FRACTION_CERES_EBAF_ED4.2_1X_1M_2002_V1","public/v0","1","false","false","false"
"CLOUD_FRACTION_CERES_EBAF_ED4.2_1X_1M_2003_V1","public/v0","1","false","false","false"
"CLOUD_FRACTION_CERES_EBAF_ED4.2_1X_1M_2004_V1","public/v0","1","false","false","false"
"CLOUD_FRACTION_CERES_EBAF_ED4.2_1X_1M_2005_V1","public/v0","1","false","false","false"
"CLOUD_FRACTION_CERES_EBAF_ED4.2_1X_1M_2006_V1","public/v0","1","false","false","false"
"CLOUD_FRACTION_CERES_EBAF_ED4.2_1X_1M_2007_V1","public/v0","1","false","false","false"
"CLOUD_FRACTION_CERES_EBAF_ED4.2_1X_1M_2008_V1","public/v0","1","false","false","false"
"CLOUD_FRACTION_CERES_EBAF_ED4.2_1X_1M_2009_V1","public/v0","1","false","false","false"
"CLOUD_FRACTION_CERES_EBAF_ED4.2_1X_1M_2010_V1","public/v0","1","false","false","false"
"CLOUD_FRACTION_CERES_EBAF_ED4.2_1X_1M_2011_V1","public/v0","1","false","false","false"
"CLOUD_FRACTION_CERES_EBAF_ED4.2_1X_1M_2012_V1","public/v0","1","false","false","false"
"CLOUD_FRACTION_CERES_EBAF_ED4.2_1X_1M_2013_V1","public/v0","1","false","false","false"
"CLOUD_FRACTION_CERES_EBAF_ED4.2_1X_1M_2014_V1","public/v0","1","false","false","false"
"CLOUD_FRACTION_CERES_EBAF_ED4.2_1X_1M_2015_V1","public/v0","1","false","false","false"
"CLOUD_FRACTION_CERES_EBAF_ED4.2_1X_1M_2016_V1","public/v0","1","false","false","false"
"CLOUD_FRACTION_CERES_EBAF_ED4.2_1X_1M_2017_V1","public/v0","1","false","false","false"
"CLOUD_FRACTION_CERES_EBAF_ED4.2_1X_1M_2018_V1","public/v0","1","false","false","false"
"CLOUD_FRACTION_CERES_EBAF_ED4.2_1X_1M_2019_V1","public/v0","1","false","false","false"
"CLOUD_FRACTION_CERES_EBAF_ED4.2_1X_1M_2020_V1","public/v0","1","false","false","false"
"CLOUD_FRACTION_CERES_EBAF_ED4.2_1X_1M_2021_V1","public/v0","1","false","false","false"
"CLOUD_FRACTION_CERES_EBAF_ED4.2_1X_1M_2022_V1","public/v0","1","false","false","false"
"CLOUD_FRACTION_CERES_EBAF_ED4.2_1X_1M_2023_V1","public/v0","1","false","false","false"
"ELEV_4X_1Y_V1","public/v0","2","true","true","true"
"ELEV_4X_1Y_V1_R1","public/v0","2","false","false","false"
"GPP_MPI_RS_2X_1M_2001_V1","public/v0","1","false","false","false"
"GPP_MPI_RS_2X_1M_2002_V1","public/v0","1","false","false","false"
"GPP_MPI_RS_2X_1M_2003_V1","public/v0","1","false","false","false"
"GPP_MPI_RS_2X_1M_2004_V1","public/v0","1","false","false","false"
"GPP_MPI_RS_2X_1M_2005_V1","public/v0","1","false","false","false"
"GPP_MPI_RS_2X_1M_2006_V1","public/v0","1","false","false","false"
"GPP_MPI_RS_2X_1M_2007_V1","public/v0","1","false","false","false"
"GPP_MPI_RS_2X_1M_2008_V1","public/v0","1","false","false","false"
"GPP_MPI_RS_2X_1M_2009_V1","public/v0","1","false","false","false"
"GPP_MPI_RS_2X_1M_2010_V1","public/v0","1","false","false","false"
"GPP_MPI_RS_2X_1M_2011_V1","public/v0","1","false","false","false"
"GPP_MPI_RS_2X_1M_2012_V1","public/v0","1","false","false","false"
"GPP_MPI_RS_2X_1M_2013_V1","public/v0","1","false","false","false"
"GPP_MPI_RS_2X_1M_2014_V1","public/v0","1","false","false","false"
"GPP_MPI_RS_2X_1M_2015_V1","public/v0","1","false","false","false"
"GPP_MPI_RS_2X_1M_2016_V1","public/v0","1","false","false","false"
"GPP_MPI_RS_2X_1M_2017_V1","public/v0","1","false","false","false"
"GPP_MPI_RS_2X_1M_2018_V1","public/v0","1","false","false","false"
"GPP_MPI_RS_2X_1M_2019_V1","public/v0","1","false","false","false"
"GPP_MPI_RS_2X_8D_2001_V1","public/v0","1","false","false","false"
"GPP_MPI_RS_2X_8D_2002_V1","public/v0","1","false","false","false"
"GPP_MPI_RS_2X_8D_2003_V1","public/v0","1","false","false","false"
"GPP_MPI_RS_2X_8D_2004_V1","public/v0","1","false","false","false"
"GPP_MPI_RS_2X_8D_2005_V1","public/v0","1","false","false","false"
"GPP_MPI_RS_2X_8D_2006_V1","public/v0","1","false","false","false"
"GPP_MPI_RS_2X_8D_2007_V1","public/v0","1","false","false","false"
"GPP_MPI_RS_2X_8D_2008_V1","public/v0","1","false","false","false"
"GPP_MPI_RS_2X_8D_2009_V1","public/v0","1","false","false","false"
"GPP_MPI_RS_2X_8D_2010_V1","public/v0","1","false","false","false"
"GPP_MPI_RS_2X_8D_2011_V1","public/v0","1","false","false","false"
"GPP_MPI_RS_2X_8D_2012_V1","public/v0","1","false","false","false"
"GPP_MPI_RS_2X_8D_2013_V1","public/v0","1","false","false","false"
"GPP_MPI_RS_2X_8D_2014_V1","public/v0","1","false","false","false"
"GPP_MPI_RS_2X_8D_2015_V1","public/v0","1","false","false","false"
"GPP_MPI_RS_2X_8D_2016_V1","public/v0","1","false","false","false"
"GPP_MPI_RS_2X_8D_2017_V1","public/v0","1","false","false","false"
"GPP_MPI_RS_2X_8D_2018_V1","public/v0","1","false","false","false"
"GPP_MPI_RS_2X_8D_2019_V1","public/v0","1","false","false","false"
"GPP_VPM_12X_8D_2000_V2","public/v0","1","false","false","false"
"GPP_VPM_12X_8D_2001_V2","public/v0","1","false","false","false"
"GPP_VPM_12X_8D_2002_V2","public/v0","1","false","false","false"
"GPP_VPM_12X_8D_2003_V2","public/v0","1","false","false","false"
"GPP_VPM_12X_8D_2004_V2","public/v0","1","false","false","false"
"GPP_VPM_12X_8D_2005_V2","public/v0","1","false","false","false"
"GPP_VPM_12X_8D_2006_V2","public/v0","1","false","false","false"
"GPP_VPM_12X_8D_2007_V2","public/v0","1","false","false","false"
"GPP_VPM_12X_8D_2008_V2","public/v0","1","false","false","false"
"GPP_VPM_12X_8D_2009_V2","public/v0","1","false","false","false"
"GPP_VPM_12X_8D_2010_V2","public/v0","1","false","false","false"
"GPP_VPM_12X_8D_2011_V2","public/v0","1","false","false","false"
"GPP_VPM_12X_8D_2012_V2","public/v0","1","false","false","false"
"GPP_VPM_12X_8D_2013_V2","public/v0","1","false","false","false"
"GPP_VPM_12X_8D_2014_V2","public/v0","1","false","false","false"
"GPP_VPM_12X_8D_2015_V2","public/v0","1","false","false","false"
"GPP_VPM_12X_8D_2016_V2","public/v0","1","false","false","false"
"GPP_VPM_12X_8D_2017_V2","public/v0","1","false","false","false"
"GPP_VPM_12X_8D_2018_V2","public/v0","1","false","false","false"
"GPP_VPM_12X_8D_2019_V2","public/v0","1","false","false","false"
"GPP_VPM_5X_8D_2000_V2","public/v0","1","false","false","false"
"GPP_VPM_5X_8D_2001_V2","public/v0","1","false","false","false"
"GPP_VPM_5X_8D_2002_V2","public/v0","1","false","false","false"
"GPP_VPM_5X_8D_2003_V2","public/v0","1","false","false","false"
"GPP_VPM_5X_8D_2004_V2","public/v0","1","false","false","false"
"GPP_VPM_5X_8D_2005_V2","public/v0","1","false","false","false"
"GPP_VPM_5X_8D_2006_V2","public/v0","1","false","false","false"
"GPP_VPM_5X_8D_2007_V2","public/v0","1","false","false","false"
"GPP_VPM_5X_8D_2008_V2","public/v0","1","false","false","false"
"GPP_VPM_5X_8D_2009_V2","public/v0","1","false","false","false"
"GPP_VPM_5X_8D_2010_V2","public/v0","1","false","false","false"
"GPP_VPM_5X_8D_2011_V2","public/v0","1","false","false","false"
"GPP_VPM_5X_8D_2012_V2","public/v0","1","false","false","false"
"GPP_VPM_5X_8D_2013_V2","public/v0","1","false","false","false"
"GPP_VPM_5X_8D_2014_V2","public/v0","1","false","false","false"
"GPP_VPM_5X_8D_2015_V2","public/v0","1","false","false","false"
"GPP_VPM_5X_8D_2016_V2","public/v0","1","false","false","false"
"GPP_VPM_5X_8D_2017_V2","public/v0","1","false","false","false"
"GPP_VPM_5X_8D_2018_V2","public/v0","1","false","false","false"
"GPP_VPM_5X_8D_2019_V2","public/v0","1","false","false","false"
"LAI_MODIS_10X_1M_2000_V1","public/v0","1","false","false","false"
"LAI_MODIS_10X_1M_2001_V1","public/v0","1","false","false","false"
"LAI_MODIS_10X_1M_2002_V1","public/v0","1","false","false","false"
"LAI_MODIS_10X_1M_2003_V1","public/v0","1","false","false","false"
"LAI_MODIS_10X_1M_2004_V1","public/v0","1","false","false","false"
"LAI_MODIS_10X_1M_2005_V1","public/v0","1","false","false","false"
"LAI_MODIS_10X_1M_2006_V1","public/v0","1","false","false","false"
"LAI_MODIS_10X_1M_2007_V1","public/v0","1","false","false","false"
"LAI_MODIS_10X_1M_2008_V1","public/v0","1","false","false","false"
"LAI_MODIS_10X_1M_2009_V1","public/v0","1","false","false","false"
"LAI_MODIS_10X_1M_2010_V1","public/v0","1","false","false","false"
"LAI_MODIS_10X_1M_2011_V1","public/v0","1","false","false","false"
"LAI_MODIS_10X_1M_2012_V1","public/v0","1","false","false","false"
"LAI_MODIS_10X_1M_2013_V1","public/v0","1","false","false","false"
"LAI_MODIS_10X_1M_2014_V1","public/v0","1","false","false","false"
"LAI_MODIS_10X_1M_2015_V1","public/v0","1","false","false","false"
"LAI_MODIS_10X_1M_2016_V1","public/v0","1","false","false","false"
"LAI_MODIS_10X_1M_2017_V1","public/v0","1","false","false","false"
"LAI_MODIS_10X_1M_2018_V1","public/v0","1","false","false","false"
"LAI_MODIS_10X_1M_2019_V1","public/v0","1","false","false","false"
"LAI_MODIS_10X_1M_2020_V1","public/v0","1","false","false","false"
"LAI_MODIS_10X_8D_2000_V1","public/v0","1","false","false","false"
"LAI_MODIS_10X_8D_2001_V1","public/v0","1","false","false","false"
"LAI_MODIS_10X_8D_2002_V1","public/v0","1","false","false","false"
"LAI_MODIS_10X_8D_2003_V1","public/v0","1","false","false","false"
"LAI_MODIS_10X_8D_2004_V1","public/v0","1","false","false","false"
"LAI_MODIS_10X_8D_2005_V1","public/v0","1","false","false","false"
"LAI_MODIS_10X_8D_2006_V1","public/v0","1","false","false","false"
"LAI_MODIS_10X_8D_2007_V1","public/v0","1","false","false","false"
"LAI_MODIS_10X_8D_2008_V1","public/v0","1","false","false","false"
"LAI_MODIS_10X_8D_2009_V1","public/v0","1","false","false","false"
"LAI_MODIS_10X_8D_2010_V1","public/v0","1","false","false","false"
"LAI_MODIS_10X_8D_2011_V1","public/v0","1","false","false","false"
"LAI_MODIS_10X_8D_2012_V1","public/v0","1","false","false","false"
"LAI_MODIS_10X_8D_2013_V1","public/v0","1","false","false","false"
"LAI_MODIS_10X_8D_2014_V1","public/v0","1","false","false","false"
"LAI_MODIS_10X_8D_2015_V1","public/v0","1","false","false","false"
"LAI_MODIS_10X_8D_2016_V1","public/v0","1","false","false","false"
"LAI_MODIS_10X_8D_2017_V1","public/v0","1","false","false","false"
"LAI_MODIS_10X_8D_2018_V1","public/v0","1","false","false","false"
"LAI_MODIS_10X_8D_2019_V1","public/v0","1","false","false","false"
"LAI_MODIS_10X_8D_2020_V1","public/v0","1","false","false","false"
"LAI_MODIS_20X_1M_2000_V1","public/v0","1","false","false","false"
"LAI_MODIS_20X_1M_2001_V1","public/v0","1","false","false","false"
"LAI_MODIS_20X_1M_2002_V1","public/v0","1","false","false","false"
"LAI_MODIS_20X_1M_2003_V1","public/v0","1","false","false","false"
"LAI_MODIS_20X_1M_2004_V1","public/v0","1","false","false","false"
"LAI_MODIS_20X_1M_2005_V1","public/v0","1","false","false","false"
"LAI_MODIS_20X_1M_2006_V1","public/v0","1","false","false","false"
"LAI_MODIS_20X_1M_2007_V1","public/v0","1","false","false","false"
"LAI_MODIS_20X_1M_2008_V1","public/v0","1","false","false","false"
"LAI_MODIS_20X_1M_2009_V1","public/v0","1","false","false","false"
"LAI_MODIS_20X_1M_2010_V1","public/v0","1","false","false","false"
"LAI_MODIS_20X_1M_2011_V1","public/v0","1","false","false","false"
"LAI_MODIS_20X_1M_2012_V1","public/v0","1","false","false","false"
"LAI_MODIS_20X_1M_2013_V1","public/v0","1","false","false","false"
"LAI_MODIS_20X_1M_2014_V1","public/v0","1","false","false","false"
"LAI_MODIS_20X_1M_2015_V1","public/v0","1","false","false","false"
"LAI_MODIS_20X_1M_2016_V1","public/v0","1","false","false","false"
"LAI_MODIS_20X_1M_2017_V1","public/v0","1","false","false","false"
"LAI_MODIS_20X_1M_2018_V1","public/v0","1","false","false","false"
"LAI_MODIS_20X_1M_2019_V1","public/v0","1","false","false","false"
"LAI_MODIS_20X_1M_2020_V1","public/v0","1","false","false","false"
"LAI_MODIS_20X_8D_2000_V1","public/v0","1","false","false","false"
"LAI_MODIS_20X_8D_2001_V1","public/v0","1","false","false","false"
"LAI_MODIS_20X_8D_2002_V1","public/v0","1","false","false","false"
"LAI_MODIS_20X_8D_2003_V1","public/v0","1","false","false","false"
"LAI_MODIS_20X_8D_2004_V1","public/v0","1","false","false","false"
"LAI_MODIS_20X_8D_2005_V1","public/v0","1","false","false","false"
"LAI_MODIS_20X_8D_2006_V1","public/v0","1","false","false","false"
"LAI_MODIS_20X_8D_2007_V1","public/v0","1","false","false","false"
"LAI_MODIS_20X_8D_2008_V1","public/v0","1","false","false","false"
"LAI_MODIS_20X_8D_2009_V1","public/v0","1","false","false","false"
"LAI_MODIS_20X_8D_2010_V1","public/v0","1","false","false","false"
"LAI_MODIS_20X_8D_2011_V1","public/v0","1","false","false","false"
"LAI_MODIS_20X_8D_2012_V1","public/v0","1","false","false","false"
"LAI_MODIS_20X_8D_2013_V1","public/v0","1","false","false","false"
"LAI_MODIS_20X_8D_2014_V1","public/v0","1","false","false","false"
"LAI_MODIS_20X_8D_2015_V1","public/v0","1","false","false","false"
"LAI_MODIS_20X_8D_2016_V1","public/v0","1","false","false","false"
"LAI_MODIS_20X_8D_2017_V1","public/v0","1","false","false","false"
"LAI_MODIS_20X_8D_2018_V1","public/v0","1","false","false","false"
"LAI_MODIS_20X_8D_2019_V1","public/v0","1","false","false","false"
"LAI_MODIS_20X_8D_2020_V1","public/v0","1","false","false","false"
"LAI_MODIS_2X_1M_2000_V1","public/v0","1","false","false","false"
"LAI_MODIS_2X_1M_2001_V1","public/v0","1","false","false","false"
"LAI_MODIS_2X_1M_2002_V1","public/v0","1","false","false","false"
"LAI_MODIS_2X_1M_2003_V1","public/v0","1","false","false","false"
"LAI_MODIS_2X_1M_2004_V1","public/v0","1","false","false","false"
"LAI_MODIS_2X_1M_2005_V1","public/v0","1","false","false","false"
"LAI_MODIS_2X_1M_2006_V1","public/v0","1","false","false","false"
"LAI_MODIS_2X_1M_2007_V1","public/v0","1","false","false","false"
"LAI_MODIS_2X_1M_2008_V1","public/v0","1","false","false","false"
"LAI_MODIS_2X_1M_2009_V1","public/v0","1","false","false","false"
"LAI_MODIS_2X_1M_2010_V1","public/v0","1","false","false","false"
"LAI_MODIS_2X_1M_2011_V1","public/v0","1","false","false","false"
"LAI_MODIS_2X_1M_2012_V1","public/v0","1","false","false","false"
"LAI_MODIS_2X_1M_2013_V1","public/v0","1","false","false","false"
"LAI_MODIS_2X_1M_2014_V1","public/v0","1","false","false","false"
"LAI_MODIS_2X_1M_2015_V1","public/v0","1","false","false","false"
"LAI_MODIS_2X_1M_2016_V1","public/v0","1","false","false","false"
"LAI_MODIS_2X_1M_2017_V1","public/v0","1","false","false","false"
"LAI_MODIS_2X_1M_2018_V1","public/v0","1","false","false","false"
"LAI_MODIS_2X_1M_2019_V1","public/v0","1","false","false","false"
"LAI_MODIS_2X_1M_2020_V1","public/v0","1","false","false","false"
"LAI_MODIS_2X_8D_2000_V1","public/v0","2","false","false","false"
"LAI_MODIS_2X_8D_2000_V1_R1","public/v0","2","false","false","false"
"LAI_MODIS_2X_8D_2001_V1","public/v0","2","false","false","false"
"LAI_MODIS_2X_8D_2001_V1_R1","public/v0","2","false","false","false"
"LAI_MODIS_2X_8D_2002_V1","public/v0","2","false","false","false"
"LAI_MODIS_2X_8D_2002_V1_R1","public/v0","2","false","false","false"
"LAI_MODIS_2X_8D_2003_V1","public/v0","2","false","false","false"
"LAI_MODIS_2X_8D_2003_V1_R1","public/v0","2","false","false","false"
"LAI_MODIS_2X_8D_2004_V1","public/v0","2","false","false","false"
"LAI_MODIS_2X_8D_2004_V1_R1","public/v0","2","false","false","false"
"LAI_MODIS_2X_8D_2005_V1","public/v0","2","false","false","false"
"LAI_MODIS_2X_8D_2005_V1_R1","public/v0","2","false","false","false"
"LAI_MODIS_2X_8D_2006_V1","public/v0","2","false","false","false"
"LAI_MODIS_2X_8D_2006_V1_R1","public/v0","2","false","false","false"
"LAI_MODIS_2X_8D_2007_V1","public/v0","2","false","false","false"
"LAI_MODIS_2X_8D_2007_V1_R1","public/v0","2","false","false","false"
"LAI_MODIS_2X_8D_2008_V1","public/v0","2","false","false","false"
"LAI_MODIS_2X_8D_2008_V1_R1","public/v0","2","false","false","false"
"LAI_MODIS_2X_8D_2009_V1","public/v0","2","false","false","false"
"LAI_MODIS_2X_8D_2009_V1_R1","public/v0","2","false","false","false"
"LAI_MODIS_2X_8D_2010_V1","public/v0","2","false","false","false"
"LAI_MODIS_2X_8D_2010_V1_R1","public/v0","2","false","false","false"
"LAI_MODIS_2X_8D_2011_V1","public/v0","2","false","false","false"
"LAI_MODIS_2X_8D_2011_V1_R1","public/v0","2","false","false","false"
"LAI_MODIS_2X_8D_2012_V1","public/v0","2","false","false","false"
"LAI_MODIS_2X_8D_2012_V1_R1","public/v0","2","false","false","false"
"LAI_MODIS_2X_8D_2013_V1","public/v0","2","false","false","false"
"LAI_MODIS_2X_8D_2013_V1_R1","public/v0","2","false","false","false"
"LAI_MODIS_2X_8D_2014_V1","public/v0","2","false","false","false"
"LAI_MODIS_2X_8D_2014_V1_R1","public/v0","2","false","false","false"
"LAI_MODIS_2X_8D_2015_V1","public/v0","2","false","false","false"
"LAI_MODIS_2X_8D_2015_V1_R1","public/v0","2","false","false","false"
"LAI_MODIS_2X_8D_2016_V1","public/v0","2","false","false","false"
"LAI_MODIS_2X_8D_2016_V1_R1","public/v0","2","false","false","false"
"LAI_MODIS_2X_8D_2017_V1","public/v0","2","false","false","false"
"LAI_MODIS_2X_8D_2017_V1_R1","public/v0","2","false","false","false"
"LAI_MODIS_2X_8D_2018_V1","public/v0","2","false","false","false"
"LAI_MODIS_2X_8D_2018_V1_R1","public/v0","2","false","false","false"
"LAI_MODIS_2X_8D_2019_V1","public/v0","2","false","false","false"
"LAI_MODIS_2X_8D_2019_V1_R1","public/v0","2","false","false","false"
"LAI_MODIS_2X_8D_2020_V1","public/v0","2","true","true","true"
"LAI_MODIS_2X_8D_2020_V1_R1","public/v0","2","false","false","false"
"LAI_MODIS_2X_8D_2023_V1","public/gm1","1","false","false","false"
"LDMC_12X_1Y_V1","public/v0","1","false","false","false"
"LDMC_36X_1Y_V1","public/v0","1","false","false","false"
"LE_MPI_RS_2X_1M_2001_V1","public/v0","1","false","false","false"
"LE_MPI_RS_2X_1M_2002_V1","public/v0","1","false","false","false"
"LE_MPI_RS_2X_1M_2003_V1","public/v0","1","false","false","false"
"LE_MPI_RS_2X_1M_2004_V1","public/v0","1","false","false","false"
"LE_MPI_RS_2X_1M_2005_V1","public/v0","1","false","false","false"
"LE_MPI_RS_2X_1M_2006_V1","public/v0","1","false","false","false"
"LE_MPI_RS_2X_1M_2007_V1","public/v0","1","false","false","false"
"LE_MPI_RS_2X_1M_2008_V1","public/v0","1","false","false","false"
"LE_MPI_RS_2X_1M_2009_V1","public/v0","1","false","false","false"
"LE_MPI_RS_2X_1M_2010_V1","public/v0","1","false","false","false"
"LE_MPI_RS_2X_1M_2011_V1","public/v0","1","false","false","false"
"LE_MPI_RS_2X_1M_2012_V1","public/v0","1","false","false","false"
"LE_MPI_RS_2X_1M_2013_V1","public/v0","1","false","false","false"
"LE_MPI_RS_2X_1M_2014_V1","public/v0","1","false","false","false"
"LE_MPI_RS_2X_1M_2015_V1","public/v0","1","false","false","false"
"LE_MPI_RS_2X_8D_2001_V1","public/v0","1","false","false","false"
"LE_MPI_RS_2X_8D_2002_V1","public/v0","1","false","false","false"
"LE_MPI_RS_2X_8D_2003_V1","public/v0","1","false","false","false"
"LE_MPI_RS_2X_8D_2004_V1","public/v0","1","false","false","false"
"LE_MPI_RS_2X_8D_2005_V1","public/v0","1","false","false","false"
"LE_MPI_RS_2X_8D_2006_V1","public/v0","1","false","false","false"
"LE_MPI_RS_2X_8D_2007_V1","public/v0","1","false","false","false"
"LE_MPI_RS_2X_8D_2008_V1","public/v0","1","false","false","false"
"LE_MPI_RS_2X_8D_2009_V1","public/v0","1","false","false","false"
"LE_MPI_RS_2X_8D_2010_V1","public/v0","1","false","false","false"
"LE_MPI_RS_2X_8D_2011_V1","public/v0","1","false","false","false"
"LE_MPI_RS_2X_8D_2012_V1","public/v0","1","false","false","false"
"LE_MPI_RS_2X_8D_2013_V1","public/v0","1","false","false","false"
"LE_MPI_RS_2X_8D_2014_V1","public/v0","1","false","false","false"
"LE_MPI_RS_2X_8D_2015_V1","public/v0","1","false","false","false"
"LMA_2X_1Y_V1","public/v0","1","false","false","false"
"LMA_2X_1Y_V2","public/v0","1","false","false","false"
"LMA_2X_1Y_V3","public/v0","1","false","false","false"
"LMA_2X_1Y_V4","public/v0","1","false","false","false"
"LMA_2X_1Y_V5","public/v0","1","false","false","false"
"LMA_2X_1Y_V6","public/v0","1","false","false","false"
"LMA_2X_1Y_V7","public/v0","1","false","false","false"
"LM_4X_1Y_V1","public/v0","2","true","true","true"
"LNC_12X_1Y_V3","public/v0","1","false","false","false"
"LNC_2X_1Y_V1","public/v0","1","false","false","false"
"LNC_2X_1Y_V2","public/v0","1","false","false","false"
"LNC_36X_1Y_V3","public/v0","1","false","false","false"
"LPC_12X_1Y_V2","public/v0","1","false","false","false"
"LPC_2X_1Y_V1","public/v0","1","false","false","false"
"LPC_36X_1Y_V2","public/v0","1","false","false","false"
"LST_MOD11A2_DAY_1X_1M_2000_V1","public/v0","1","false","false","false"
"LST_MOD11A2_DAY_1X_1M_2001_V1","public/v0","1","false","false","false"
"LST_MOD11A2_DAY_1X_1M_2002_V1","public/v0","1","false","false","false"
"LST_MOD11A2_DAY_1X_1M_2003_V1","public/v0","1","false","false","false"
"LST_MOD11A2_DAY_1X_1M_2004_V1","public/v0","1","false","false","false"
"LST_MOD11A2_DAY_1X_1M_2005_V1","public/v0","1","false","false","false"
"LST_MOD11A2_DAY_1X_1M_2006_V1","public/v0","1","false","false","false"
"LST_MOD11A2_DAY_1X_1M_2007_V1","public/v0","1","false","false","false"
"LST_MOD11A2_DAY_1X_1M_2008_V1","public/v0","1","false","false","false"
"LST_MOD11A2_DAY_1X_1M_2009_V1","public/v0","1","false","false","false"
"LST_MOD11A2_DAY_1X_1M_2010_V1","public/v0","1","false","false","false"
"LST_MOD11A2_DAY_1X_1M_2011_V1","public/v0","1","false","false","false"
"LST_MOD11A2_DAY_1X_1M_2012_V1","public/v0","1","false","false","false"
"LST_MOD11A2_DAY_1X_1M_2013_V1","public/v0","1","false","false","false"
"LST_MOD11A2_DAY_1X_1M_2014_V1","public/v0","1","false","false","false"
"LST_MOD11A2_DAY_1X_1M_2015_V1","public/v0","1","false","false","false"
"LST_MOD11A2_DAY_1X_1M_2016_V1","public/v0","1","false","false","false"
"LST_MOD11A2_DAY_1X_1M_2017_V1","public/v0","1","false","false","false"
"LST_MOD11A2_DAY_1X_1M_2018_V1","public/v0","1","false","false","false"
"LST_MOD11A2_DAY_1X_1M_2019_V1","public/v0","1","false","false","false"
"LST_MOD11A2_DAY_1X_1M_2020_V1","public/v0","1","false","false","false"
"LST_MOD11A2_DAY_1X_1M_2021_V1","public/v0","1","false","false","false"
"LST_MOD11A2_DAY_1X_1M_2022_V1","public/v0","1","false","false","false"
"LST_MOD11A2_DAY_1X_1M_2023_V1","public/v0","1","false","false","false"
"LST_MOD11A2_DAY_1X_8D_2000_V1","public/v0","1","false","false","false"
"LST_MOD11A2_DAY_1X_8D_2001_V1","public/v0","1","false","false","false"
"LST_MOD11A2_DAY_1X_8D_2002_V1","public/v0","1","false","false","false"
"LST_MOD11A2_DAY_1X_8D_2003_V1","public/v0","1","false","false","false"
"LST_MOD11A2_DAY_1X_8D_2004_V1","public/v0","1","false","false","false"
"LST_MOD11A2_DAY_1X_8D_2005_V1","public/v0","1","false","false","false"
"LST_MOD11A2_DAY_1X_8D_2006_V1","public/v0","1","false","false","false"
"LST_MOD11A2_DAY_1X_8D_2007_V1","public/v0","1","false","false","false"
"LST_MOD11A2_DAY_1X_8D_2008_V1","public/v0","1","false","false","false"
"LST_MOD11A2_DAY_1X_8D_2009_V1","public/v0","1","false","false","false"
"LST_MOD11A2_DAY_1X_8D_2010_V1","public/v0","1","false","false","false"
"LST_MOD11A2_DAY_1X_8D_2011_V1","public/v0","1","false","false","false"
"LST_MOD11A2_DAY_1X_8D_2012_V1","public/v0","1","false","false","false"
"LST_MOD11A2_DAY_1X_8D_2013_V1","public/v0","1","false","false","false"
"LST_MOD11A2_DAY_1X_8D_2014_V1","public/v0","1","false","false","false"
"LST_MOD11A2_DAY_1X_8D_2015_V1","public/v0","1","false","false","false"
"LST_MOD11A2_DAY_1X_8D_2016_V1","public/v0","1","false","false","false"
"LST_MOD11A2_DAY_1X_8D_2017_V1","public/v0","1","false","false","false"
"LST_MOD11A2_DAY_1X_8D_2018_V1","public/v0","1","false","false","false"
"LST_MOD11A2_DAY_1X_8D_2019_V1","public/v0","1","false","false","false"
"LST_MOD11A2_DAY_1X_8D_2020_V1","public/v0","1","false","false","false"
"LST_MOD11A2_DAY_1X_8D_2021_V1","public/v0","1","false","false","false"
"LST_MOD11A2_DAY_1X_8D_2022_V1","public/v0","1","false","false","false"
"LST_MOD11A2_DAY_1X_8D_2023_V1","public/v0","1","false","false","false"
"LST_MOD11A2_NIGHT_1X_1M_2000_V1","public/v0","1","false","false","false"
"LST_MOD11A2_NIGHT_1X_1M_2001_V1","public/v0","1","false","false","false"
"LST_MOD11A2_NIGHT_1X_1M_2002_V1","public/v0","1","false","false","false"
"LST_MOD11A2_NIGHT_1X_1M_2003_V1","public/v0","1","false","false","false"
"LST_MOD11A2_NIGHT_1X_1M_2004_V1","public/v0","1","false","false","false"
"LST_MOD11A2_NIGHT_1X_1M_2005_V1","public/v0","1","false","false","false"
"LST_MOD11A2_NIGHT_1X_1M_2006_V1","public/v0","1","false","false","false"
"LST_MOD11A2_NIGHT_1X_1M_2007_V1","public/v0","1","false","false","false"
"LST_MOD11A2_NIGHT_1X_1M_2008_V1","public/v0","1","false","false","false"
"LST_MOD11A2_NIGHT_1X_1M_2009_V1","public/v0","1","false","false","false"
"LST_MOD11A2_NIGHT_1X_1M_2010_V1","public/v0","1","false","false","false"
"LST_MOD11A2_NIGHT_1X_1M_2011_V1","public/v0","1","false","false","false"
"LST_MOD11A2_NIGHT_1X_1M_2012_V1","public/v0","1","false","false","false"
"LST_MOD11A2_NIGHT_1X_1M_2013_V1","public/v0","1","false","false","false"
"LST_MOD11A2_NIGHT_1X_1M_2014_V1","public/v0","1","false","false","false"
"LST_MOD11A2_NIGHT_1X_1M_2015_V1","public/v0","1","false","false","false"
"LST_MOD11A2_NIGHT_1X_1M_2016_V1","public/v0","1","false","false","false"
"LST_MOD11A2_NIGHT_1X_1M_2017_V1","public/v0","1","false","false","false"
"LST_MOD11A2_NIGHT_1X_1M_2018_V1","public/v0","1","false","false","false"
"LST_MOD11A2_NIGHT_1X_1M_2019_V1","public/v0","1","false","false","false"
"LST_MOD11A2_NIGHT_1X_1M_2020_V1","public/v0","1","false","false","false"
"LST_MOD11A2_NIGHT_1X_1M_2021_V1","public/v0","1","false","false","false"
"LST_MOD11A2_NIGHT_1X_1M_2022_V1","public/v0","1","false","false","false"
"LST_MOD11A2_NIGHT_1X_1M_2023_V1","public/v0","1","false","false","false"
"LST_MOD11A2_NIGHT_1X_8D_2000_V1","public/v0","1","false","false","false"
"LST_MOD11A2_NIGHT_1X_8D_2001_V1","public/v0","1","false","false","false"
"LST_MOD11A2_NIGHT_1X_8D_2002_V1","public/v0","1","false","false","false"
"LST_MOD11A2_NIGHT_1X_8D_2003_V1","public/v0","1","false","false","false"
"LST_MOD11A2_NIGHT_1X_8D_2004_V1","public/v0","1","false","false","false"
"LST_MOD11A2_NIGHT_1X_8D_2005_V1","public/v0","1","false","false","false"
"LST_MOD11A2_NIGHT_1X_8D_2006_V1","public/v0","1","false","false","false"
"LST_MOD11A2_NIGHT_1X_8D_2007_V1","public/v0","1","false","false","false"
"LST_MOD11A2_NIGHT_1X_8D_2008_V1","public/v0","1","false","false","false"
"LST_MOD11A2_NIGHT_1X_8D_2009_V1","public/v0","1","false","false","false"
"LST_MOD11A2_NIGHT_1X_8D_2010_V1","public/v0","1","false","false","false"
"LST_MOD11A2_NIGHT_1X_8D_2011_V1","public/v0","1","false","false","false"
"LST_MOD11A2_NIGHT_1X_8D_2012_V1","public/v0","1","false","false","false"
"LST_MOD11A2_NIGHT_1X_8D_2013_V1","public/v0","1","false","false","false"
"LST_MOD11A2_NIGHT_1X_8D_2014_V1","public/v0","1","false","false","false"
"LST_MOD11A2_NIGHT_1X_8D_2015_V1","public/v0","1","false","false","false"
"LST_MOD11A2_NIGHT_1X_8D_2016_V1","public/v0","1","false","false","false"
"LST_MOD11A2_NIGHT_1X_8D_2017_V1","public/v0","1","false","false","false"
"LST_MOD11A2_NIGHT_1X_8D_2018_V1","public/v0","1","false","false","false"
"LST_MOD11A2_NIGHT_1X_8D_2019_V1","public/v0","1","false","false","false"
"LST_MOD11A2_NIGHT_1X_8D_2020_V1","public/v0","1","false","false","false"
"LST_MOD11A2_NIGHT_1X_8D_2021_V1","public/v0","1","false","false","false"
"LST_MOD11A2_NIGHT_1X_8D_2022_V1","public/v0","1","false","false","false"
"LST_MOD11A2_NIGHT_1X_8D_2023_V1","public/v0","1","false","false","false"
"PATM_ERA5_1X_1H_2000_V1","public/wd1","1","false","false","false"
"PATM_ERA5_1X_1H_2001_V1","public/wd1","1","false","false","false"
"PATM_ERA5_1X_1H_2002_V1","public/wd1","1","false","false","false"
"PATM_ERA5_1X_1H_2003_V1","public/wd1","1","false","false","false"
"PATM_ERA5_1X_1H_2004_V1","public/wd1","1","false","false","false"
"PATM_ERA5_1X_1H_2005_V1","public/wd1","1","false","false","false"
"PATM_ERA5_1X_1H_2006_V1","public/wd1","1","false","false","false"
"PATM_ERA5_1X_1H_2007_V1","public/wd1","1","false","false","false"
"PATM_ERA5_1X_1H_2008_V1","public/wd1","1","false","false","false"
"PATM_ERA5_1X_1H_2009_V1","public/wd1","1","false","false","false"
"PATM_ERA5_1X_1H_2010_V1","public/wd1","1","false","false","false"
"PATM_ERA5_1X_1H_2011_V1","public/wd1","1","false","false","false"
"PATM_ERA5_1X_1H_2012_V1","public/wd1","1","false","false","false"
"PATM_ERA5_1X_1H_2013_V1","public/wd1","1","false","false","false"
"PATM_ERA5_1X_1H_2014_V1","public/wd1","1","false","false","false"
"PATM_ERA5_1X_1H_2015_V1","public/wd1","1","false","false","false"
"PATM_ERA5_1X_1H_2016_V1","public/wd1","1","false","false","false"
"PATM_ERA5_1X_1H_2017_V1","public/wd1","1","false","false","false"
"PATM_ERA5_1X_1H_2018_V1","public/wd1","1","false","false","false"
"PATM_ERA5_1X_1H_2019_V1","public/wd1","2","false","false","false"
"PATM_ERA5_1X_1H_2020_V1","public/wd1","1","false","false","false"
"PATM_ERA5_1X_1H_2021_V1","public/wd1","1","false","false","false"
"PATM_ERA5_1X_1H_2022_V1","public/wd1","1","false","false","false"
"PATM_ERA5_1X_1H_2023_V1","public/wd1","1","false","false","false"
"PFT_2X_1Y_V1","public/v0","2","true","true","true"
"PFT_2X_1Y_V1_R1","public/v0","2","false","false","false"
"PPT_ERA5_1X_1H_2000_V1","public/wd1","1","false","false","false"
"PPT_ERA5_1X_1H_2001_V1","public/wd1","1","false","false","false"
"PPT_ERA5_1X_1H_2002_V1","public/wd1","1","false","false","false"
"PPT_ERA5_1X_1H_2003_V1","public/wd1","1","false","false","false"
"PPT_ERA5_1X_1H_2004_V1","public/wd1","1","false","false","false"
"PPT_ERA5_1X_1H_2005_V1","public/wd1","1","false","false","false"
"PPT_ERA5_1X_1H_2006_V1","public/wd1","1","false","false","false"
"PPT_ERA5_1X_1H_2007_V1","public/wd1","1","false","false","false"
"PPT_ERA5_1X_1H_2008_V1","public/wd1","1","false","false","false"
"PPT_ERA5_1X_1H_2009_V1","public/wd1","1","false","false","false"
"PPT_ERA5_1X_1H_2010_V1","public/wd1","1","false","false","false"
"PPT_ERA5_1X_1H_2011_V1","public/wd1","1","false","false","false"
"PPT_ERA5_1X_1H_2012_V1","public/wd1","1","false","false","false"
"PPT_ERA5_1X_1H_2013_V1","public/wd1","1","false","false","false"
"PPT_ERA5_1X_1H_2014_V1","public/wd1","1","false","false","false"
"PPT_ERA5_1X_1H_2015_V1","public/wd1","1","false","false","false"
"PPT_ERA5_1X_1H_2016_V1","public/wd1","1","false","false","false"
"PPT_ERA5_1X_1H_2017_V1","public/wd1","1","false","false","false"
"PPT_ERA5_1X_1H_2018_V1","public/wd1","1","false","false","false"
"PPT_ERA5_1X_1H_2019_V1","public/wd1","2","false","false","false"
"PPT_ERA5_1X_1H_2020_V1","public/wd1","1","false","false","false"
"PPT_ERA5_1X_1H_2021_V1","public/wd1","1","false","false","false"
"PPT_ERA5_1X_1H_2022_V1","public/wd1","1","false","false","false"
"PPT_ERA5_1X_1H_2023_V1","public/wd1","1","false","false","false"
"RAD_LW_ERA5_1X_1H_2000_V1","public/wd1","1","false","false","false"
"RAD_LW_ERA5_1X_1H_2001_V1","public/wd1","1","false","false","false"
"RAD_LW_ERA5_1X_1H_2002_V1","public/wd1","1","false","false","false"
"RAD_LW_ERA5_1X_1H_2003_V1","public/wd1","1","false","false","false"
"RAD_LW_ERA5_1X_1H_2004_V1","public/wd1","1","false","false","false"
"RAD_LW_ERA5_1X_1H_2005_V1","public/wd1","1","false","false","false"
"RAD_LW_ERA5_1X_1H_2006_V1","public/wd1","1","false","false","false"
"RAD_LW_ERA5_1X_1H_2007_V1","public/wd1","1","false","false","false"
"RAD_LW_ERA5_1X_1H_2008_V1","public/wd1","1","false","false","false"
"RAD_LW_ERA5_1X_1H_2009_V1","public/wd1","1","false","false","false"
"RAD_LW_ERA5_1X_1H_2010_V1","public/wd1","1","false","false","false"
"RAD_LW_ERA5_1X_1H_2011_V1","public/wd1","1","false","false","false"
"RAD_LW_ERA5_1X_1H_2012_V1","public/wd1","1","false","false","false"
"RAD_LW_ERA5_1X_1H_2013_V1","public/wd1","1","false","false","false"
"RAD_LW_ERA5_1X_1H_2014_V1","public/wd1","1","false","false","false"
"RAD_LW_ERA5_1X_1H_2015_V1","public/wd1","1","false","false","false"
"RAD_LW_ERA5_1X_1H_2016_V1","public/wd1","1","false","false","false"
"RAD_LW_ERA5_1X_1H_2017_V1","public/wd1","1","false","false","false"
"RAD_LW_ERA5_1X_1H_2018_V1","public/wd1","1","false","false","false"
"RAD_LW_ERA5_1X_1H_2019_V1","public/wd1","2","false","false","false"
"RAD_LW_ERA5_1X_1H_2020_V1","public/wd1","1","false","false","false"
"RAD_LW_ERA5_1X_1H_2021_V1","public/wd1","1","false","false","false"
"RAD_LW_ERA5_1X_1H_2022_V1","public/wd1","1","false","false","false"
"RAD_LW_ERA5_1X_1H_2023_V1","public/wd1","1","false","false","false"
"RAD_SW_DIF_ERA5_1X_1H_2000_V1","public/wd1","1","false","false","false"
"RAD_SW_DIF_ERA5_1X_1H_2001_V1","public/wd1","1","false","false","false"
"RAD_SW_DIF_ERA5_1X_1H_2002_V1","public/wd1","1","false","false","false"
"RAD_SW_DIF_ERA5_1X_1H_2003_V1","public/wd1","1","false","false","false"
"RAD_SW_DIF_ERA5_1X_1H_2004_V1","public/wd1","1","false","false","false"
"RAD_SW_DIF_ERA5_1X_1H_2005_V1","public/wd1","1","false","false","false"
"RAD_SW_DIF_ERA5_1X_1H_2006_V1","public/wd1","1","false","false","false"
"RAD_SW_DIF_ERA5_1X_1H_2007_V1","public/wd1","1","false","false","false"
"RAD_SW_DIF_ERA5_1X_1H_2008_V1","public/wd1","1","false","false","false"
"RAD_SW_DIF_ERA5_1X_1H_2009_V1","public/wd1","1","false","false","false"
"RAD_SW_DIF_ERA5_1X_1H_2010_V1","public/wd1","1","false","false","false"
"RAD_SW_DIF_ERA5_1X_1H_2011_V1","public/wd1","1","false","false","false"
"RAD_SW_DIF_ERA5_1X_1H_2012_V1","public/wd1","1","false","false","false"
"RAD_SW_DIF_ERA5_1X_1H_2013_V1","public/wd1","1","false","false","false"
"RAD_SW_DIF_ERA5_1X_1H_2014_V1","public/wd1","1","false","false","false"
"RAD_SW_DIF_ERA5_1X_1H_2015_V1","public/wd1","1","false","false","false"
"RAD_SW_DIF_ERA5_1X_1H_2016_V1","public/wd1","1","false","false","false"
"RAD_SW_DIF_ERA5_1X_1H_2017_V1","public/wd1","1","false","false","false"
"RAD_SW_DIF_ERA5_1X_1H_2018_V1","public/wd1","1","false","false","false"
"RAD_SW_DIF_ERA5_1X_1H_2019_V1","public/wd1","2","false","false","false"
"RAD_SW_DIF_ERA5_1X_1H_2020_V1","public/wd1","1","false","false","false"
"RAD_SW_DIF_ERA5_1X_1H_2021_V1","public/wd1","1","false","false","false"
"RAD_SW_DIF_ERA5_1X_1H_2022_V1","public/wd1","1","false","false","false"
"RAD_SW_DIF_ERA5_1X_1H_2023_V1","public/wd1","1","false","false","false"
"RAD_SW_DIR_ERA5_1X_1H_2000_V1","public/wd1","1","false","false","false"
"RAD_SW_DIR_ERA5_1X_1H_2001_V1","public/wd1","1","false","false","false"
"RAD_SW_DIR_ERA5_1X_1H_2002_V1","public/wd1","1","false","false","false"
"RAD_SW_DIR_ERA5_1X_1H_2003_V1","public/wd1","1","false","false","false"
"RAD_SW_DIR_ERA5_1X_1H_2004_V1","public/wd1","1","false","false","false"
"RAD_SW_DIR_ERA5_1X_1H_2005_V1","public/wd1","1","false","false","false"
"RAD_SW_DIR_ERA5_1X_1H_2006_V1","public/wd1","1","false","false","false"
"RAD_SW_DIR_ERA5_1X_1H_2007_V1","public/wd1","1","false","false","false"
"RAD_SW_DIR_ERA5_1X_1H_2008_V1","public/wd1","1","false","false","false"
"RAD_SW_DIR_ERA5_1X_1H_2009_V1","public/wd1","1","false","false","false"
"RAD_SW_DIR_ERA5_1X_1H_2010_V1","public/wd1","1","false","false","false"
"RAD_SW_DIR_ERA5_1X_1H_2011_V1","public/wd1","1","false","false","false"
"RAD_SW_DIR_ERA5_1X_1H_2012_V1","public/wd1","1","false","false","false"
"RAD_SW_DIR_ERA5_1X_1H_2013_V1","public/wd1","1","false","false","false"
"RAD_SW_DIR_ERA5_1X_1H_2014_V1","public/wd1","1","false","false","false"
"RAD_SW_DIR_ERA5_1X_1H_2015_V1","public/wd1","1","false","false","false"
"RAD_SW_DIR_ERA5_1X_1H_2016_V1","public/wd1","1","false","false","false"
"RAD_SW_DIR_ERA5_1X_1H_2017_V1","public/wd1","1","false","false","false"
"RAD_SW_DIR_ERA5_1X_1H_2018_V1","public/wd1","1","false","false","false"
"RAD_SW_DIR_ERA5_1X_1H_2019_V1","public/wd1","2","false","false","false"
"RAD_SW_DIR_ERA5_1X_1H_2020_V1","public/wd1","1","false","false","false"
"RAD_SW_DIR_ERA5_1X_1H_2021_V1","public/wd1","1","false","false","false"
"RAD_SW_DIR_ERA5_1X_1H_2022_V1","public/wd1","1","false","false","false"
"RAD_SW_DIR_ERA5_1X_1H_2023_V1","public/wd1","1","false","false","false"
"REFLECTANCE_MCD43A4_B1_1X_1M_2000_V1","public/v0","1","false","false","false"
"REFLECTANCE_MCD43A4_B1_1X_1M_2001_V1","public/v0","1","false","false","false"
"REFLECTANCE_MCD43A4_B1_1X_1M_2002_V1","public/v0","1","false","false","false"
"REFLECTANCE_MCD43A4_B1_1X_1M_2003_V1","public/v0","1","false","false","false"
"REFLECTANCE_MCD43A4_B1_1X_1M_2004_V1","public/v0","1","false","false","false"
"REFLECTANCE_MCD43A4_B1_1X_1M_2005_V1","public/v0","1","false","false","false"
"REFLECTANCE_MCD43A4_B1_1X_1M_2006_V1","public/v0","1","false","false","false"
"REFLECTANCE_MCD43A4_B1_1X_1M_2007_V1","public/v0","1","false","false","false"
"REFLECTANCE_MCD43A4_B1_1X_1M_2008_V1","public/v0","1","false","false","false"
"REFLECTANCE_MCD43A4_B1_1X_1M_2009_V1","public/v0","1","false","false","false"
"REFLECTANCE_MCD43A4_B1_1X_1M_2010_V1","public/v0","1","false","false","false"
"REFLECTANCE_MCD43A4_B1_1X_1M_2011_V1","public/v0","1","false","false","false"
"REFLECTANCE_MCD43A4_B1_1X_1M_2012_V1","public/v0","1","false","false","false"
"REFLECTANCE_MCD43A4_B1_1X_1M_2013_V1","public/v0","1","false","false","false"
"REFLECTANCE_MCD43A4_B1_1X_1M_2014_V1","public/v0","1","false","false","false"
"REFLECTANCE_MCD43A4_B1_1X_1M_2015_V1","public/v0","1","false","false","false"
"REFLECTANCE_MCD43A4_B1_1X_1M_2016_V1","public/v0","1","false","false","false"
"REFLECTANCE_MCD43A4_B1_1X_1M_2017_V1","public/v0","1","false","false","false"
"REFLECTANCE_MCD43A4_B1_1X_1M_2018_V1","public/v0","1","false","false","false"
"REFLECTANCE_MCD43A4_B1_1X_1M_2019_V1","public/v0","1","false","false","false"
"REFLECTANCE_MCD43A4_B1_1X_1M_2020_V1","public/v0","1","false","false","false"
"REFLECTANCE_MCD43A4_B1_1X_1M_2021_V1","public/v0","1","false","false","false"
"REFLECTANCE_MCD43A4_B1_1X_1M_2022_V1","public/v0","1","false","false","false"
"REFLECTANCE_MCD43A4_B1_1X_1M_2023_V1","public/v0","1","false","false","false"
"REFLECTANCE_MCD43A4_B1_1X_8D_2000_V1","public/v0","1","false","false","false"
"REFLECTANCE_MCD43A4_B1_1X_8D_2001_V1","public/v0","1","false","false","false"
"REFLECTANCE_MCD43A4_B1_1X_8D_2002_V1","public/v0","1","false","false","false"
"REFLECTANCE_MCD43A4_B1_1X_8D_2003_V1","public/v0","1","false","false","false"
"REFLECTANCE_MCD43A4_B1_1X_8D_2004_V1","public/v0","1","false","false","false"
"REFLECTANCE_MCD43A4_B1_1X_8D_2005_V1","public/v0","1","false","false","false"
"REFLECTANCE_MCD43A4_B1_1X_8D_2006_V1","public/v0","1","false","false","false"
"REFLECTANCE_MCD43A4_B1_1X_8D_2007_V1","public/v0","1","false","false","false"
"REFLECTANCE_MCD43A4_B1_1X_8D_2008_V1","public/v0","1","false","false","false"
"REFLECTANCE_MCD43A4_B1_1X_8D_2009_V1","public/v0","1","false","false","false"
"REFLECTANCE_MCD43A4_B1_1X_8D_2010_V1","public/v0","1","false","false","false"
"REFLECTANCE_MCD43A4_B1_1X_8D_2011_V1","public/v0","1","false","false","false"
"REFLECTANCE_MCD43A4_B1_1X_8D_2012_V1","public/v0","1","false","false","false"
"REFLECTANCE_MCD43A4_B1_1X_8D_2013_V1","public/v0","1","false","false","false"
"REFLECTANCE_MCD43A4_B1_1X_8D_2014_V1","public/v0","1","false","false","false"
"REFLECTANCE_MCD43A4_B1_1X_8D_2015_V1","public/v0","1","false","false","false"
"REFLECTANCE_MCD43A4_B1_1X_8D_2016_V1","public/v0","1","false","false","false"
"REFLECTANCE_MCD43A4_B1_1X_8D_2017_V1","public/v0","1","false","false","false"
"REFLECTANCE_MCD43A4_B1_1X_8D_2018_V1","public/v0","1","false","false","false"
"REFLECTANCE_MCD43A4_B1_1X_8D_2019_V1","public/v0","1","false","false","false"
"REFLECTANCE_MCD43A4_B1_1X_8D_2020_V1","public/v0","1","false","false","false"
"REFLECTANCE_MCD43A4_B1_1X_8D_2021_V1","public/v0","1","false","false","false"
"REFLECTANCE_MCD43A4_B1_1X_8D_2022_V1","public/v0","1","false","false","false"
"REFLECTANCE_MCD43A4_B1_1X_8D_2023_V1","public/v0","1","false","false","false"
"REFLECTANCE_MCD43A4_B2_1X_1M_2000_V1","public/v0","1","false","false","false"
"REFLECTANCE_MCD43A4_B2_1X_1M_2001_V1","public/v0","1","false","false","false"
"REFLECTANCE_MCD43A4_B2_1X_1M_2002_V1","public/v0","1","false","false","false"
"REFLECTANCE_MCD43A4_B2_1X_1M_2003_V1","public/v0","1","false","false","false"
"REFLECTANCE_MCD43A4_B2_1X_1M_2004_V1","public/v0","1","false","false","false"
"REFLECTANCE_MCD43A4_B2_1X_1M_2005_V1","public/v0","1","false","false","false"
"REFLECTANCE_MCD43A4_B2_1X_1M_2006_V1","public/v0","1","false","false","false"
"REFLECTANCE_MCD43A4_B2_1X_1M_2007_V1","public/v0","1","false","false","false"
"REFLECTANCE_MCD43A4_B2_1X_1M_2008_V1","public/v0","1","false","false","false"
"REFLECTANCE_MCD43A4_B2_1X_1M_2009_V1","public/v0","1","false","false","false"
"REFLECTANCE_MCD43A4_B2_1X_1M_2010_V1","public/v0","1","false","false","false"
"REFLECTANCE_MCD43A4_B2_1X_1M_2011_V1","public/v0","1","false","false","false"
"REFLECTANCE_MCD43A4_B2_1X_1M_2012_V1","public/v0","1","false","false","false"
"REFLECTANCE_MCD43A4_B2_1X_1M_2013_V1","public/v0","1","false","false","false"
"REFLECTANCE_MCD43A4_B2_1X_1M_2014_V1","public/v0","1","false","false","false"
"REFLECTANCE_MCD43A4_B2_1X_1M_2015_V1","public/v0","1","false","false","false"
"REFLECTANCE_MCD43A4_B2_1X_1M_2016_V1","public/v0","1","false","false","false"
"REFLECTANCE_MCD43A4_B2_1X_1M_2017_V1","public/v0","1","false","false","false"
"REFLECTANCE_MCD43A4_B2_1X_1M_2018_V1","public/v0","1","false","false","false"
"REFLECTANCE_MCD43A4_B2_1X_1M_2019_V1","public/v0","1","false","false","false"
"REFLECTANCE_MCD43A4_B2_1X_1M_2020_V1","public/v0","1","false","false","false"
"REFLECTANCE_MCD43A4_B2_1X_1M_2021_V1","public/v0","1","false","false","false"
"REFLECTANCE_MCD43A4_B2_1X_1M_2022_V1","public/v0","1","false","false","false"
"REFLECTANCE_MCD43A4_B2_1X_1M_2023_V1","public/v0","1","false","false","false"
"REFLECTANCE_MCD43A4_B2_1X_8D_2000_V1","public/v0","1","false","false","false"
"REFLECTANCE_MCD43A4_B2_1X_8D_2001_V1","public/v0","1","false","false","false"
"REFLECTANCE_MCD43A4_B2_1X_8D_2002_V1","public/v0","1","false","false","false"
"REFLECTANCE_MCD43A4_B2_1X_8D_2003_V1","public/v0","1","false","false","false"
"REFLECTANCE_MCD43A4_B2_1X_8D_2004_V1","public/v0","1","false","false","false"
"REFLECTANCE_MCD43A4_B2_1X_8D_2005_V1","public/v0","1","false","false","false"
"REFLECTANCE_MCD43A4_B2_1X_8D_2006_V1","public/v0","1","false","false","false"
"REFLECTANCE_MCD43A4_B2_1X_8D_2007_V1","public/v0","1","false","false","false"
"REFLECTANCE_MCD43A4_B2_1X_8D_2008_V1","public/v0","1","false","false","false"
"REFLECTANCE_MCD43A4_B2_1X_8D_2009_V1","public/v0","1","false","false","false"
"REFLECTANCE_MCD43A4_B2_1X_8D_2010_V1","public/v0","1","false","false","false"
"REFLECTANCE_MCD43A4_B2_1X_8D_2011_V1","public/v0","1","false","false","false"
"REFLECTANCE_MCD43A4_B2_1X_8D_2012_V1","public/v0","1","false","false","false"
"REFLECTANCE_MCD43A4_B2_1X_8D_2013_V1","public/v0","1","false","false","false"
"REFLECTANCE_MCD43A4_B2_1X_8D_2014_V1","public/v0","1","false","false","false"
"REFLECTANCE_MCD43A4_B2_1X_8D_2015_V1","public/v0","1","false","false","false"
"REFLECTANCE_MCD43A4_B2_1X_8D_2016_V1","public/v0","1","false","false","false"
"REFLECTANCE_MCD43A4_B2_1X_8D_2017_V1","public/v0","1","false","false","false"
"REFLECTANCE_MCD43A4_B2_1X_8D_2018_V1","public/v0","1","false","false","false"
"REFLECTANCE_MCD43A4_B2_1X_8D_2019_V1","public/v0","1","false","false","false"
"REFLECTANCE_MCD43A4_B2_1X_8D_2020_V1","public/v0","1","false","false","false"
"REFLECTANCE_MCD43A4_B2_1X_8D_2021_V1","public/v0","1","false","false","false"
"REFLECTANCE_MCD43A4_B2_1X_8D_2022_V1","public/v0","1","false","false","false"
"REFLECTANCE_MCD43A4_B2_1X_8D_2023_V1","public/v0","1","false","false","false"
"REFLECTANCE_MCD43A4_B3_1X_1M_2000_V1","public/v0","1","false","false","false"
"REFLECTANCE_MCD43A4_B3_1X_1M_2001_V1","public/v0","1","false","false","false"
"REFLECTANCE_MCD43A4_B3_1X_1M_2002_V1","public/v0","1","false","false","false"
"REFLECTANCE_MCD43A4_B3_1X_1M_2003_V1","public/v0","1","false","false","false"
"REFLECTANCE_MCD43A4_B3_1X_1M_2004_V1","public/v0","1","false","false","false"
"REFLECTANCE_MCD43A4_B3_1X_1M_2005_V1","public/v0","1","false","false","false"
"REFLECTANCE_MCD43A4_B3_1X_1M_2006_V1","public/v0","1","false","false","false"
"REFLECTANCE_MCD43A4_B3_1X_1M_2007_V1","public/v0","1","false","false","false"
"REFLECTANCE_MCD43A4_B3_1X_1M_2008_V1","public/v0","1","false","false","false"
"REFLECTANCE_MCD43A4_B3_1X_1M_2009_V1","public/v0","1","false","false","false"
"REFLECTANCE_MCD43A4_B3_1X_1M_2010_V1","public/v0","1","false","false","false"
"REFLECTANCE_MCD43A4_B3_1X_1M_2011_V1","public/v0","1","false","false","false"
"REFLECTANCE_MCD43A4_B3_1X_1M_2012_V1","public/v0","1","false","false","false"
"REFLECTANCE_MCD43A4_B3_1X_1M_2013_V1","public/v0","1","false","false","false"
"REFLECTANCE_MCD43A4_B3_1X_1M_2014_V1","public/v0","1","false","false","false"
"REFLECTANCE_MCD43A4_B3_1X_1M_2015_V1","public/v0","1","false","false","false"
"REFLECTANCE_MCD43A4_B3_1X_1M_2016_V1","public/v0","1","false","false","false"
"REFLECTANCE_MCD43A4_B3_1X_1M_2017_V1","public/v0","1","false","false","false"
"REFLECTANCE_MCD43A4_B3_1X_1M_2018_V1","public/v0","1","false","false","false"
"REFLECTANCE_MCD43A4_B3_1X_1M_2019_V1","public/v0","1","false","false","false"
"REFLECTANCE_MCD43A4_B3_1X_1M_2020_V1","public/v0","1","false","false","false"
"REFLECTANCE_MCD43A4_B3_1X_1M_2021_V1","public/v0","1","false","false","false"
"REFLECTANCE_MCD43A4_B3_1X_1M_2022_V1","public/v0","1","false","false","false"
"REFLECTANCE_MCD43A4_B3_1X_1M_2023_V1","public/v0","1","false","false","false"
"REFLECTANCE_MCD43A4_B3_1X_8D_2000_V1","public/v0","1","false","false","false"
"REFLECTANCE_MCD43A4_B3_1X_8D_2001_V1","public/v0","1","false","false","false"
"REFLECTANCE_MCD43A4_B3_1X_8D_2002_V1","public/v0","1","false","false","false"
"REFLECTANCE_MCD43A4_B3_1X_8D_2003_V1","public/v0","1","false","false","false"
"REFLECTANCE_MCD43A4_B3_1X_8D_2004_V1","public/v0","1","false","false","false"
"REFLECTANCE_MCD43A4_B3_1X_8D_2005_V1","public/v0","1","false","false","false"
"REFLECTANCE_MCD43A4_B3_1X_8D_2006_V1","public/v0","1","false","false","false"
"REFLECTANCE_MCD43A4_B3_1X_8D_2007_V1","public/v0","1","false","false","false"
"REFLECTANCE_MCD43A4_B3_1X_8D_2008_V1","public/v0","1","false","false","false"
"REFLECTANCE_MCD43A4_B3_1X_8D_2009_V1","public/v0","1","false","false","false"
"REFLECTANCE_MCD43A4_B3_1X_8D_2010_V1","public/v0","1","false","false","false"
"REFLECTANCE_MCD43A4_B3_1X_8D_2011_V1","public/v0","1","false","false","false"
"REFLECTANCE_MCD43A4_B3_1X_8D_2012_V1","public/v0","1","false","false","false"
"REFLECTANCE_MCD43A4_B3_1X_8D_2013_V1","public/v0","1","false","false","false"
"REFLECTANCE_MCD43A4_B3_1X_8D_2014_V1","public/v0","1","false","false","false"
"REFLECTANCE_MCD43A4_B3_1X_8D_2015_V1","public/v0","1","false","false","false"
"REFLECTANCE_MCD43A4_B3_1X_8D_2016_V1","public/v0","1","false","false","false"
"REFLECTANCE_MCD43A4_B3_1X_8D_2017_V1","public/v0","1","false","false","false"
"REFLECTANCE_MCD43A4_B3_1X_8D_2018_V1","public/v0","1","false","false","false"
"REFLECTANCE_MCD43A4_B3_1X_8D_2019_V1","public/v0","1","false","false","false"
"REFLECTANCE_MCD43A4_B3_1X_8D_2020_V1","public/v0","1","false","false","false"
"REFLECTANCE_MCD43A4_B3_1X_8D_2021_V1","public/v0","1","false","false","false"
"REFLECTANCE_MCD43A4_B3_1X_8D_2022_V1","public/v0","1","false","false","false"
"REFLECTANCE_MCD43A4_B3_1X_8D_2023_V1","public/v0","1","false","false","false"
"REFLECTANCE_MCD43A4_B4_1X_1M_2000_V1","public/v0","1","false","false","false"
"REFLECTANCE_MCD43A4_B4_1X_1M_2001_V1","public/v0","1","false","false","false"
"REFLECTANCE_MCD43A4_B4_1X_1M_2002_V1","public/v0","1","false","false","false"
"REFLECTANCE_MCD43A4_B4_1X_1M_2003_V1","public/v0","1","false","false","false"
"REFLECTANCE_MCD43A4_B4_1X_1M_2004_V1","public/v0","1","false","false","false"
"REFLECTANCE_MCD43A4_B4_1X_1M_2005_V1","public/v0","1","false","false","false"
"REFLECTANCE_MCD43A4_B4_1X_1M_2006_V1","public/v0","1","false","false","false"
"REFLECTANCE_MCD43A4_B4_1X_1M_2007_V1","public/v0","1","false","false","false"
"REFLECTANCE_MCD43A4_B4_1X_1M_2008_V1","public/v0","1","false","false","false"
"REFLECTANCE_MCD43A4_B4_1X_1M_2009_V1","public/v0","1","false","false","false"
"REFLECTANCE_MCD43A4_B4_1X_1M_2010_V1","public/v0","1","false","false","false"
"REFLECTANCE_MCD43A4_B4_1X_1M_2011_V1","public/v0","1","false","false","false"
"REFLECTANCE_MCD43A4_B4_1X_1M_2012_V1","public/v0","1","false","false","false"
"REFLECTANCE_MCD43A4_B4_1X_1M_2013_V1","public/v0","1","false","false","false"
"REFLECTANCE_MCD43A4_B4_1X_1M_2014_V1","public/v0","1","false","false","false"
"REFLECTANCE_MCD43A4_B4_1X_1M_2015_V1","public/v0","1","false","false","false"
"REFLECTANCE_MCD43A4_B4_1X_1M_2016_V1","public/v0","1","false","false","false"
"REFLECTANCE_MCD43A4_B4_1X_1M_2017_V1","public/v0","1","false","false","false"
"REFLECTANCE_MCD43A4_B4_1X_1M_2018_V1","public/v0","1","false","false","false"
"REFLECTANCE_MCD43A4_B4_1X_1M_2019_V1","public/v0","1","false","false","false"
"REFLECTANCE_MCD43A4_B4_1X_1M_2020_V1","public/v0","1","false","false","false"
"REFLECTANCE_MCD43A4_B4_1X_1M_2021_V1","public/v0","1","false","false","false"
"REFLECTANCE_MCD43A4_B4_1X_1M_2022_V1","public/v0","1","false","false","false"
"REFLECTANCE_MCD43A4_B4_1X_1M_2023_V1","public/v0","1","false","false","false"
"REFLECTANCE_MCD43A4_B4_1X_8D_2000_V1","public/v0","1","false","false","false"
"REFLECTANCE_MCD43A4_B4_1X_8D_2001_V1","public/v0","1","false","false","false"
"REFLECTANCE_MCD43A4_B4_1X_8D_2002_V1","public/v0","1","false","false","false"
"REFLECTANCE_MCD43A4_B4_1X_8D_2003_V1","public/v0","1","false","false","false"
"REFLECTANCE_MCD43A4_B4_1X_8D_2004_V1","public/v0","1","false","false","false"
"REFLECTANCE_MCD43A4_B4_1X_8D_2005_V1","public/v0","1","false","false","false"
"REFLECTANCE_MCD43A4_B4_1X_8D_2006_V1","public/v0","1","false","false","false"
"REFLECTANCE_MCD43A4_B4_1X_8D_2007_V1","public/v0","1","false","false","false"
"REFLECTANCE_MCD43A4_B4_1X_8D_2008_V1","public/v0","1","false","false","false"
"REFLECTANCE_MCD43A4_B4_1X_8D_2009_V1","public/v0","1","false","false","false"
"REFLECTANCE_MCD43A4_B4_1X_8D_2010_V1","public/v0","1","false","false","false"
"REFLECTANCE_MCD43A4_B4_1X_8D_2011_V1","public/v0","1","false","false","false"
"REFLECTANCE_MCD43A4_B4_1X_8D_2012_V1","public/v0","1","false","false","false"
"REFLECTANCE_MCD43A4_B4_1X_8D_2013_V1","public/v0","1","false","false","false"
"REFLECTANCE_MCD43A4_B4_1X_8D_2014_V1","public/v0","1","false","false","false"
"REFLECTANCE_MCD43A4_B4_1X_8D_2015_V1","public/v0","1","false","false","false"
"REFLECTANCE_MCD43A4_B4_1X_8D_2016_V1","public/v0","1","false","false","false"
"REFLECTANCE_MCD43A4_B4_1X_8D_2017_V1","public/v0","1","false","false","false"
"REFLECTANCE_MCD43A4_B4_1X_8D_2018_V1","public/v0","1","false","false","false"
"REFLECTANCE_MCD43A4_B4_1X_8D_2019_V1","public/v0","1","false","false","false"
"REFLECTANCE_MCD43A4_B4_1X_8D_2020_V1","public/v0","1","false","false","false"
"REFLECTANCE_MCD43A4_B4_1X_8D_2021_V1","public/v0","1","false","false","false"
"REFLECTANCE_MCD43A4_B4_1X_8D_2022_V1","public/v0","1","false","false","false"
"REFLECTANCE_MCD43A4_B4_1X_8D_2023_V1","public/v0","1","false","false","false"
"REFLECTANCE_MCD43A4_B5_1X_1M_2000_V1","public/v0","1","false","false","false"
"REFLECTANCE_MCD43A4_B5_1X_1M_2001_V1","public/v0","1","false","false","false"
"REFLECTANCE_MCD43A4_B5_1X_1M_2002_V1","public/v0","1","false","false","false"
"REFLECTANCE_MCD43A4_B5_1X_1M_2003_V1","public/v0","1","false","false","false"
"REFLECTANCE_MCD43A4_B5_1X_1M_2004_V1","public/v0","1","false","false","false"
"REFLECTANCE_MCD43A4_B5_1X_1M_2005_V1","public/v0","1","false","false","false"
"REFLECTANCE_MCD43A4_B5_1X_1M_2006_V1","public/v0","1","false","false","false"
"REFLECTANCE_MCD43A4_B5_1X_1M_2007_V1","public/v0","1","false","false","false"
"REFLECTANCE_MCD43A4_B5_1X_1M_2008_V1","public/v0","1","false","false","false"
"REFLECTANCE_MCD43A4_B5_1X_1M_2009_V1","public/v0","1","false","false","false"
"REFLECTANCE_MCD43A4_B5_1X_1M_2010_V1","public/v0","1","false","false","false"
"REFLECTANCE_MCD43A4_B5_1X_1M_2011_V1","public/v0","1","false","false","false"
"REFLECTANCE_MCD43A4_B5_1X_1M_2012_V1","public/v0","1","false","false","false"
"REFLECTANCE_MCD43A4_B5_1X_1M_2013_V1","public/v0","1","false","false","false"
"REFLECTANCE_MCD43A4_B5_1X_1M_2014_V1","public/v0","1","false","false","false"
"REFLECTANCE_MCD43A4_B5_1X_1M_2015_V1","public/v0","1","false","false","false"
"REFLECTANCE_MCD43A4_B5_1X_1M_2016_V1","public/v0","1","false","false","false"
"REFLECTANCE_MCD43A4_B5_1X_1M_2017_V1","public/v0","1","false","false","false"
"REFLECTANCE_MCD43A4_B5_1X_1M_2018_V1","public/v0","1","false","false","false"
"REFLECTANCE_MCD43A4_B5_1X_1M_2019_V1","public/v0","1","false","false","false"
"REFLECTANCE_MCD43A4_B5_1X_1M_2020_V1","public/v0","1","false","false","false"
"REFLECTANCE_MCD43A4_B5_1X_1M_2021_V1","public/v0","1","false","false","false"
"REFLECTANCE_MCD43A4_B5_1X_1M_2022_V1","public/v0","1","false","false","false"
"REFLECTANCE_MCD43A4_B5_1X_1M_2023_V1","public/v0","1","false","false","false"
"REFLECTANCE_MCD43A4_B5_1X_8D_2000_V1","public/v0","1","false","false","false"
"REFLECTANCE_MCD43A4_B5_1X_8D_2001_V1","public/v0","1","false","false","false"
"REFLECTANCE_MCD43A4_B5_1X_8D_2002_V1","public/v0","1","false","false","false"
"REFLECTANCE_MCD43A4_B5_1X_8D_2003_V1","public/v0","1","false","false","false"
"REFLECTANCE_MCD43A4_B5_1X_8D_2004_V1","public/v0","1","false","false","false"
"REFLECTANCE_MCD43A4_B5_1X_8D_2005_V1","public/v0","1","false","false","false"
"REFLECTANCE_MCD43A4_B5_1X_8D_2006_V1","public/v0","1","false","false","false"
"REFLECTANCE_MCD43A4_B5_1X_8D_2007_V1","public/v0","1","false","false","false"
"REFLECTANCE_MCD43A4_B5_1X_8D_2008_V1","public/v0","1","false","false","false"
"REFLECTANCE_MCD43A4_B5_1X_8D_2009_V1","public/v0","1","false","false","false"
"REFLECTANCE_MCD43A4_B5_1X_8D_2010_V1","public/v0","1","false","false","false"
"REFLECTANCE_MCD43A4_B5_1X_8D_2011_V1","public/v0","1","false","false","false"
"REFLECTANCE_MCD43A4_B5_1X_8D_2012_V1","public/v0","1","false","false","false"
"REFLECTANCE_MCD43A4_B5_1X_8D_2013_V1","public/v0","1","false","false","false"
"REFLECTANCE_MCD43A4_B5_1X_8D_2014_V1","public/v0","1","false","false","false"
"REFLECTANCE_MCD43A4_B5_1X_8D_2015_V1","public/v0","1","false","false","false"
"REFLECTANCE_MCD43A4_B5_1X_8D_2016_V1","public/v0","1","false","false","false"
"REFLECTANCE_MCD43A4_B5_1X_8D_2017_V1","public/v0","1","false","false","false"
"REFLECTANCE_MCD43A4_B5_1X_8D_2018_V1","public/v0","1","false","false","false"
"REFLECTANCE_MCD43A4_B5_1X_8D_2019_V1","public/v0","1","false","false","false"
"REFLECTANCE_MCD43A4_B5_1X_8D_2020_V1","public/v0","1","false","false","false"
"REFLECTANCE_MCD43A4_B5_1X_8D_2021_V1","public/v0","1","false","false","false"
"REFLECTANCE_MCD43A4_B5_1X_8D_2022_V1","public/v0","1","false","false","false"
"REFLECTANCE_MCD43A4_B5_1X_8D_2023_V1","public/v0","1","false","false","false"
"REFLECTANCE_MCD43A4_B6_1X_1M_2000_V1","public/v0","1","false","false","false"
"REFLECTANCE_MCD43A4_B6_1X_1M_2001_V1","public/v0","1","false","false","false"
"REFLECTANCE_MCD43A4_B6_1X_1M_2002_V1","public/v0","1","false","false","false"
"REFLECTANCE_MCD43A4_B6_1X_1M_2003_V1","public/v0","1","false","false","false"
"REFLECTANCE_MCD43A4_B6_1X_1M_2004_V1","public/v0","1","false","false","false"
"REFLECTANCE_MCD43A4_B6_1X_1M_2005_V1","public/v0","1","false","false","false"
"REFLECTANCE_MCD43A4_B6_1X_1M_2006_V1","public/v0","1","false","false","false"
"REFLECTANCE_MCD43A4_B6_1X_1M_2007_V1","public/v0","1","false","false","false"
"REFLECTANCE_MCD43A4_B6_1X_1M_2008_V1","public/v0","1","false","false","false"
"REFLECTANCE_MCD43A4_B6_1X_1M_2009_V1","public/v0","1","false","false","false"
"REFLECTANCE_MCD43A4_B6_1X_1M_2010_V1","public/v0","1","false","false","false"
"REFLECTANCE_MCD43A4_B6_1X_1M_2011_V1","public/v0","1","false","false","false"
"REFLECTANCE_MCD43A4_B6_1X_1M_2012_V1","public/v0","1","false","false","false"
"REFLECTANCE_MCD43A4_B6_1X_1M_2013_V1","public/v0","1","false","false","false"
"REFLECTANCE_MCD43A4_B6_1X_1M_2014_V1","public/v0","1","false","false","false"
"REFLECTANCE_MCD43A4_B6_1X_1M_2015_V1","public/v0","1","false","false","false"
"REFLECTANCE_MCD43A4_B6_1X_1M_2016_V1","public/v0","1","false","false","false"
"REFLECTANCE_MCD43A4_B6_1X_1M_2017_V1","public/v0","1","false","false","false"
"REFLECTANCE_MCD43A4_B6_1X_1M_2018_V1","public/v0","1","false","false","false"
"REFLECTANCE_MCD43A4_B6_1X_1M_2019_V1","public/v0","1","false","false","false"
"REFLECTANCE_MCD43A4_B6_1X_1M_2020_V1","public/v0","1","false","false","false"
"REFLECTANCE_MCD43A4_B6_1X_1M_2021_V1","public/v0","1","false","false","false"
"REFLECTANCE_MCD43A4_B6_1X_1M_2022_V1","public/v0","1","false","false","false"
"REFLECTANCE_MCD43A4_B6_1X_1M_2023_V1","public/v0","1","false","false","false"
"REFLECTANCE_MCD43A4_B6_1X_8D_2000_V1","public/v0","1","false","false","false"
"REFLECTANCE_MCD43A4_B6_1X_8D_2001_V1","public/v0","1","false","false","false"
"REFLECTANCE_MCD43A4_B6_1X_8D_2002_V1","public/v0","1","false","false","false"
"REFLECTANCE_MCD43A4_B6_1X_8D_2003_V1","public/v0","1","false","false","false"
"REFLECTANCE_MCD43A4_B6_1X_8D_2004_V1","public/v0","1","false","false","false"
"REFLECTANCE_MCD43A4_B6_1X_8D_2005_V1","public/v0","1","false","false","false"
"REFLECTANCE_MCD43A4_B6_1X_8D_2006_V1","public/v0","1","false","false","false"
"REFLECTANCE_MCD43A4_B6_1X_8D_2007_V1","public/v0","1","false","false","false"
"REFLECTANCE_MCD43A4_B6_1X_8D_2008_V1","public/v0","1","false","false","false"
"REFLECTANCE_MCD43A4_B6_1X_8D_2009_V1","public/v0","1","false","false","false"
"REFLECTANCE_MCD43A4_B6_1X_8D_2010_V1","public/v0","1","false","false","false"
"REFLECTANCE_MCD43A4_B6_1X_8D_2011_V1","public/v0","1","false","false","false"
"REFLECTANCE_MCD43A4_B6_1X_8D_2012_V1","public/v0","1","false","false","false"
"REFLECTANCE_MCD43A4_B6_1X_8D_2013_V1","public/v0","1","false","false","false"
"REFLECTANCE_MCD43A4_B6_1X_8D_2014_V1","public/v0","1","false","false","false"
"REFLECTANCE_MCD43A4_B6_1X_8D_2015_V1","public/v0","1","false","false","false"
"REFLECTANCE_MCD43A4_B6_1X_8D_2016_V1","public/v0","1","false","false","false"
"REFLECTANCE_MCD43A4_B6_1X_8D_2017_V1","public/v0","1","false","false","false"
"REFLECTANCE_MCD43A4_B6_1X_8D_2018_V1","public/v0","1","false","false","false"
"REFLECTANCE_MCD43A4_B6_1X_8D_2019_V1","public/v0","1","false","false","false"
"REFLECTANCE_MCD43A4_B6_1X_8D_2020_V1","public/v0","1","false","false","false"
"REFLECTANCE_MCD43A4_B6_1X_8D_2021_V1","public/v0","1","false","false","false"
"REFLECTANCE_MCD43A4_B6_1X_8D_2022_V1","public/v0","1","false","false","false"
"REFLECTANCE_MCD43A4_B6_1X_8D_2023_V1","public/v0","1","false","false","false"
"REFLECTANCE_MCD43A4_B7_1X_1M_2000_V1","public/v0","1","false","false","false"
"REFLECTANCE_MCD43A4_B7_1X_1M_2001_V1","public/v0","1","false","false","false"
"REFLECTANCE_MCD43A4_B7_1X_1M_2002_V1","public/v0","1","false","false","false"
"REFLECTANCE_MCD43A4_B7_1X_1M_2003_V1","public/v0","1","false","false","false"
"REFLECTANCE_MCD43A4_B7_1X_1M_2004_V1","public/v0","1","false","false","false"
"REFLECTANCE_MCD43A4_B7_1X_1M_2005_V1","public/v0","1","false","false","false"
"REFLECTANCE_MCD43A4_B7_1X_1M_2006_V1","public/v0","1","false","false","false"
"REFLECTANCE_MCD43A4_B7_1X_1M_2007_V1","public/v0","1","false","false","false"
"REFLECTANCE_MCD43A4_B7_1X_1M_2008_V1","public/v0","1","false","false","false"
"REFLECTANCE_MCD43A4_B7_1X_1M_2009_V1","public/v0","1","false","false","false"
"REFLECTANCE_MCD43A4_B7_1X_1M_2010_V1","public/v0","1","false","false","false"
"REFLECTANCE_MCD43A4_B7_1X_1M_2011_V1","public/v0","1","false","false","false"
"REFLECTANCE_MCD43A4_B7_1X_1M_2012_V1","public/v0","1","false","false","false"
"REFLECTANCE_MCD43A4_B7_1X_1M_2013_V1","public/v0","1","false","false","false"
"REFLECTANCE_MCD43A4_B7_1X_1M_2014_V1","public/v0","1","false","false","false"
"REFLECTANCE_MCD43A4_B7_1X_1M_2015_V1","public/v0","1","false","false","false"
"REFLECTANCE_MCD43A4_B7_1X_1M_2016_V1","public/v0","1","false","false","false"
"REFLECTANCE_MCD43A4_B7_1X_1M_2017_V1","public/v0","1","false","false","false"
"REFLECTANCE_MCD43A4_B7_1X_1M_2018_V1","public/v0","1","false","false","false"
"REFLECTANCE_MCD43A4_B7_1X_1M_2019_V1","public/v0","1","false","false","false"
"REFLECTANCE_MCD43A4_B7_1X_1M_2020_V1","public/v0","1","false","false","false"
"REFLECTANCE_MCD43A4_B7_1X_1M_2021_V1","public/v0","1","false","false","false"
"REFLECTANCE_MCD43A4_B7_1X_1M_2022_V1","public/v0","1","false","false","false"
"REFLECTANCE_MCD43A4_B7_1X_1M_2023_V1","public/v0","1","false","false","false"
"REFLECTANCE_MCD43A4_B7_1X_8D_2000_V1","public/v0","1","false","false","false"
"REFLECTANCE_MCD43A4_B7_1X_8D_2001_V1","public/v0","1","false","false","false"
"REFLECTANCE_MCD43A4_B7_1X_8D_2002_V1","public/v0","1","false","false","false"
"REFLECTANCE_MCD43A4_B7_1X_8D_2003_V1","public/v0","1","false","false","false"
"REFLECTANCE_MCD43A4_B7_1X_8D_2004_V1","public/v0","1","false","false","false"
"REFLECTANCE_MCD43A4_B7_1X_8D_2005_V1","public/v0","1","false","false","false"
"REFLECTANCE_MCD43A4_B7_1X_8D_2006_V1","public/v0","1","false","false","false"
"REFLECTANCE_MCD43A4_B7_1X_8D_2007_V1","public/v0","1","false","false","false"
"REFLECTANCE_MCD43A4_B7_1X_8D_2008_V1","public/v0","1","false","false","false"
"REFLECTANCE_MCD43A4_B7_1X_8D_2009_V1","public/v0","1","false","false","false"
"REFLECTANCE_MCD43A4_B7_1X_8D_2010_V1","public/v0","1","false","false","false"
"REFLECTANCE_MCD43A4_B7_1X_8D_2011_V1","public/v0","1","false","false","false"
"REFLECTANCE_MCD43A4_B7_1X_8D_2012_V1","public/v0","1","false","false","false"
"REFLECTANCE_MCD43A4_B7_1X_8D_2013_V1","public/v0","1","false","false","false"
"REFLECTANCE_MCD43A4_B7_1X_8D_2014_V1","public/v0","1","false","false","false"
"REFLECTANCE_MCD43A4_B7_1X_8D_2015_V1","public/v0","1","false","false","false"
"REFLECTANCE_MCD43A4_B7_1X_8D_2016_V1","public/v0","1","false","false","false"
"REFLECTANCE_MCD43A4_B7_1X_8D_2017_V1","public/v0","1","false","false","false"
"REFLECTANCE_MCD43A4_B7_1X_8D_2018_V1","public/v0","1","false","false","false"
"REFLECTANCE_MCD43A4_B7_1X_8D_2019_V1","public/v0","1","false","false","false"
"REFLECTANCE_MCD43A4_B7_1X_8D_2020_V1","public/v0","1","false","false","false"
"REFLECTANCE_MCD43A4_B7_1X_8D_2021_V1","public/v0","1","false","false","false"
"REFLECTANCE_MCD43A4_B7_1X_8D_2022_V1","public/v0","1","false","false","false"
"REFLECTANCE_MCD43A4_B7_1X_8D_2023_V1","public/v0","1","false","false","false"
"SA_1X_1Y_V1","public/v0","1","false","false","false"
"SA_2X_1Y_V1","public/v0","1","false","false","false"
"SC_2X_1Y_V1","public/v0","2","true","true","true"
"SC_2X_1Y_V1_R1","public/v0","2","false","false","false"
"SIF_OCO2_757DC_5X_1M_2014_V3","public/v0","1","false","false","false"
"SIF_OCO2_757DC_5X_1M_2015_V3","public/v0","1","false","false","false"
"SIF_OCO2_757DC_5X_1M_2016_V3","public/v0","1","false","false","false"
"SIF_OCO2_757DC_5X_1M_2017_V3","public/v0","1","false","false","false"
"SIF_OCO2_757DC_5X_1M_2018_V3","public/v0","1","false","false","false"
"SIF_OCO2_757DC_5X_1M_2019_V3","public/v0","1","false","false","false"
"SIF_OCO2_757DC_5X_1M_2020_V3","public/v0","1","false","false","false"
"SIF_OCO2_757_5X_1M_2014_V3","public/v0","1","false","false","false"
"SIF_OCO2_757_5X_1M_2015_V3","public/v0","1","false","false","false"
"SIF_OCO2_757_5X_1M_2016_V3","public/v0","1","false","false","false"
"SIF_OCO2_757_5X_1M_2017_V3","public/v0","1","false","false","false"
"SIF_OCO2_757_5X_1M_2018_V3","public/v0","1","false","false","false"
"SIF_OCO2_757_5X_1M_2019_V3","public/v0","1","false","false","false"
"SIF_OCO2_757_5X_1M_2020_V3","public/v0","1","false","false","false"
"SIF_OCO2_771DC_5X_1M_2014_V3","public/v0","1","false","false","false"
"SIF_OCO2_771DC_5X_1M_2015_V3","public/v0","1","false","false","false"
"SIF_OCO2_771DC_5X_1M_2016_V3","public/v0","1","false","false","false"
"SIF_OCO2_771DC_5X_1M_2017_V3","public/v0","1","false","false","false"
"SIF_OCO2_771DC_5X_1M_2018_V3","public/v0","1","false","false","false"
"SIF_OCO2_771DC_5X_1M_2019_V3","public/v0","1","false","false","false"
"SIF_OCO2_771DC_5X_1M_2020_V3","public/v0","1","false","false","false"
"SIF_OCO2_771_5X_1M_2014_V3","public/v0","1","false","false","false"
"SIF_OCO2_771_5X_1M_2015_V3","public/v0","1","false","false","false"
"SIF_OCO2_771_5X_1M_2016_V3","public/v0","1","false","false","false"
"SIF_OCO2_771_5X_1M_2017_V3","public/v0","1","false","false","false"
"SIF_OCO2_771_5X_1M_2018_V3","public/v0","1","false","false","false"
"SIF_OCO2_771_5X_1M_2019_V3","public/v0","1","false","false","false"
"SIF_OCO2_771_5X_1M_2020_V3","public/v0","1","false","false","false"
"SIF_TROPOMI_683DC_12X_1M_2018_V2","public/v0","1","false","false","false"
"SIF_TROPOMI_683DC_12X_1M_2019_V2","public/v0","1","false","false","false"
"SIF_TROPOMI_683DC_12X_1M_2020_V2","public/v0","1","false","false","false"
"SIF_TROPOMI_683DC_12X_8D_2018_V2","public/v0","1","false","false","false"
"SIF_TROPOMI_683DC_12X_8D_2019_V2","public/v0","1","false","false","false"
"SIF_TROPOMI_683DC_12X_8D_2020_V2","public/v0","1","false","false","false"
"SIF_TROPOMI_683DC_1X_1M_2018_V2","public/v0","1","false","false","false"
"SIF_TROPOMI_683DC_1X_1M_2019_V2","public/v0","1","false","false","false"
"SIF_TROPOMI_683DC_1X_1M_2020_V2","public/v0","1","false","false","false"
"SIF_TROPOMI_683DC_1X_8D_2018_V2","public/v0","1","false","false","false"
"SIF_TROPOMI_683DC_1X_8D_2019_V2","public/v0","1","false","false","false"
"SIF_TROPOMI_683DC_1X_8D_2020_V2","public/v0","1","false","false","false"
"SIF_TROPOMI_683DC_2X_1M_2018_V2","public/v0","1","false","false","false"
"SIF_TROPOMI_683DC_2X_1M_2019_V2","public/v0","1","false","false","false"
"SIF_TROPOMI_683DC_2X_1M_2020_V2","public/v0","1","false","false","false"
"SIF_TROPOMI_683DC_2X_8D_2018_V2","public/v0","1","false","false","false"
"SIF_TROPOMI_683DC_2X_8D_2019_V2","public/v0","1","false","false","false"
"SIF_TROPOMI_683DC_2X_8D_2020_V2","public/v0","1","false","false","false"
"SIF_TROPOMI_683DC_4X_1M_2018_V2","public/v0","1","false","false","false"
"SIF_TROPOMI_683DC_4X_1M_2019_V2","public/v0","1","false","false","false"
"SIF_TROPOMI_683DC_4X_1M_2020_V2","public/v0","1","false","false","false"
"SIF_TROPOMI_683DC_4X_8D_2018_V2","public/v0","1","false","false","false"
"SIF_TROPOMI_683DC_4X_8D_2019_V2","public/v0","1","false","false","false"
"SIF_TROPOMI_683DC_4X_8D_2020_V2","public/v0","1","false","false","false"
"SIF_TROPOMI_683DC_5X_1M_2018_V2","public/v0","1","false","false","false"
"SIF_TROPOMI_683DC_5X_1M_2019_V2","public/v0","1","false","false","false"
"SIF_TROPOMI_683DC_5X_1M_2020_V2","public/v0","1","false","false","false"
"SIF_TROPOMI_683DC_5X_8D_2018_V2","public/v0","1","false","false","false"
"SIF_TROPOMI_683DC_5X_8D_2019_V2","public/v0","1","false","false","false"
"SIF_TROPOMI_683DC_5X_8D_2020_V2","public/v0","1","false","false","false"
"SIF_TROPOMI_683_12X_1M_2018_V2","public/v0","1","false","false","false"
"SIF_TROPOMI_683_12X_1M_2019_V2","public/v0","1","false","false","false"
"SIF_TROPOMI_683_12X_1M_2020_V2","public/v0","1","false","false","false"
"SIF_TROPOMI_683_12X_8D_2018_V2","public/v0","1","false","false","false"
"SIF_TROPOMI_683_12X_8D_2019_V2","public/v0","1","false","false","false"
"SIF_TROPOMI_683_12X_8D_2020_V2","public/v0","1","false","false","false"
"SIF_TROPOMI_683_1X_1M_2018_V2","public/v0","1","false","false","false"
"SIF_TROPOMI_683_1X_1M_2019_V2","public/v0","1","false","false","false"
"SIF_TROPOMI_683_1X_1M_2020_V2","public/v0","1","false","false","false"
"SIF_TROPOMI_683_1X_8D_2018_V2","public/v0","1","false","false","false"
"SIF_TROPOMI_683_1X_8D_2019_V2","public/v0","1","false","false","false"
"SIF_TROPOMI_683_1X_8D_2020_V2","public/v0","1","false","false","false"
"SIF_TROPOMI_683_2X_1M_2018_V2","public/v0","1","false","false","false"
"SIF_TROPOMI_683_2X_1M_2019_V2","public/v0","1","false","false","false"
"SIF_TROPOMI_683_2X_1M_2020_V2","public/v0","1","false","false","false"
"SIF_TROPOMI_683_2X_8D_2018_V2","public/v0","1","false","false","false"
"SIF_TROPOMI_683_2X_8D_2019_V2","public/v0","1","false","false","false"
"SIF_TROPOMI_683_2X_8D_2020_V2","public/v0","1","false","false","false"
"SIF_TROPOMI_683_4X_1M_2018_V2","public/v0","1","false","false","false"
"SIF_TROPOMI_683_4X_1M_2019_V2","public/v0","1","false","false","false"
"SIF_TROPOMI_683_4X_1M_2020_V2","public/v0","1","false","false","false"
"SIF_TROPOMI_683_4X_8D_2018_V2","public/v0","1","false","false","false"
"SIF_TROPOMI_683_4X_8D_2019_V2","public/v0","1","false","false","false"
"SIF_TROPOMI_683_4X_8D_2020_V2","public/v0","1","false","false","false"
"SIF_TROPOMI_683_5X_1M_2018_V2","public/v0","1","false","false","false"
"SIF_TROPOMI_683_5X_1M_2019_V2","public/v0","1","false","false","false"
"SIF_TROPOMI_683_5X_1M_2020_V2","public/v0","1","false","false","false"
"SIF_TROPOMI_683_5X_8D_2018_V2","public/v0","1","false","false","false"
"SIF_TROPOMI_683_5X_8D_2019_V2","public/v0","1","false","false","false"
"SIF_TROPOMI_683_5X_8D_2020_V2","public/v0","1","false","false","false"
"SIF_TROPOMI_740DC_12X_1M_2018_V1","public/v0","1","false","false","false"
"SIF_TROPOMI_740DC_12X_1M_2019_V1","public/v0","1","false","false","false"
"SIF_TROPOMI_740DC_12X_1M_2020_V1","public/v0","1","false","false","false"
"SIF_TROPOMI_740DC_12X_1M_2021_V1","public/v0","1","false","false","false"
"SIF_TROPOMI_740DC_12X_1M_2022_V1","public/v0","1","false","false","false"
"SIF_TROPOMI_740DC_12X_8D_2018_V1","public/v0","1","false","false","false"
"SIF_TROPOMI_740DC_12X_8D_2019_V1","public/v0","1","false","false","false"
"SIF_TROPOMI_740DC_12X_8D_2020_V1","public/v0","1","false","false","false"
"SIF_TROPOMI_740DC_12X_8D_2021_V1","public/v0","1","false","false","false"
"SIF_TROPOMI_740DC_12X_8D_2022_V1","public/v0","1","false","false","false"
"SIF_TROPOMI_740DC_1X_1M_2018_V1","public/v0","1","false","false","false"
"SIF_TROPOMI_740DC_1X_1M_2019_V1","public/v0","1","false","false","false"
"SIF_TROPOMI_740DC_1X_1M_2020_V1","public/v0","1","false","false","false"
"SIF_TROPOMI_740DC_1X_1M_2021_V1","public/v0","1","false","false","false"
"SIF_TROPOMI_740DC_1X_1M_2022_V1","public/v0","1","false","false","false"
"SIF_TROPOMI_740DC_1X_8D_2018_V1","public/v0","1","false","false","false"
"SIF_TROPOMI_740DC_1X_8D_2019_V1","public/v0","1","false","false","false"
"SIF_TROPOMI_740DC_1X_8D_2020_V1","public/v0","1","false","false","false"
"SIF_TROPOMI_740DC_1X_8D_2021_V1","public/v0","1","false","false","false"
"SIF_TROPOMI_740DC_1X_8D_2022_V1","public/v0","1","false","false","false"
"SIF_TROPOMI_740DC_2X_1M_2018_V1","public/v0","1","false","false","false"
"SIF_TROPOMI_740DC_2X_1M_2019_V1","public/v0","1","false","false","false"
"SIF_TROPOMI_740DC_2X_1M_2020_V1","public/v0","1","false","false","false"
"SIF_TROPOMI_740DC_2X_1M_2021_V1","public/v0","1","false","false","false"
"SIF_TROPOMI_740DC_2X_1M_2022_V1","public/v0","1","false","false","false"
"SIF_TROPOMI_740DC_2X_8D_2018_V1","public/v0","1","false","false","false"
"SIF_TROPOMI_740DC_2X_8D_2019_V1","public/v0","1","false","false","false"
"SIF_TROPOMI_740DC_2X_8D_2020_V1","public/v0","1","false","false","false"
"SIF_TROPOMI_740DC_2X_8D_2021_V1","public/v0","1","false","false","false"
"SIF_TROPOMI_740DC_2X_8D_2022_V1","public/v0","1","false","false","false"
"SIF_TROPOMI_740DC_4X_1M_2018_V1","public/v0","1","false","false","false"
"SIF_TROPOMI_740DC_4X_1M_2019_V1","public/v0","1","false","false","false"
"SIF_TROPOMI_740DC_4X_1M_2020_V1","public/v0","1","false","false","false"
"SIF_TROPOMI_740DC_4X_1M_2021_V1","public/v0","1","false","false","false"
"SIF_TROPOMI_740DC_4X_1M_2022_V1","public/v0","1","false","false","false"
"SIF_TROPOMI_740DC_4X_8D_2018_V1","public/v0","1","false","false","false"
"SIF_TROPOMI_740DC_4X_8D_2019_V1","public/v0","1","false","false","false"
"SIF_TROPOMI_740DC_4X_8D_2020_V1","public/v0","1","false","false","false"
"SIF_TROPOMI_740DC_4X_8D_2021_V1","public/v0","1","false","false","false"
"SIF_TROPOMI_740DC_4X_8D_2022_V1","public/v0","1","false","false","false"
"SIF_TROPOMI_740DC_5X_1M_2018_V1","public/v0","1","false","false","false"
"SIF_TROPOMI_740DC_5X_1M_2019_V1","public/v0","1","false","false","false"
"SIF_TROPOMI_740DC_5X_1M_2020_V1","public/v0","1","false","false","false"
"SIF_TROPOMI_740DC_5X_1M_2021_V1","public/v0","1","false","false","false"
"SIF_TROPOMI_740DC_5X_1M_2022_V1","public/v0","1","false","false","false"
"SIF_TROPOMI_740DC_5X_8D_2018_V1","public/v0","1","false","false","false"
"SIF_TROPOMI_740DC_5X_8D_2019_V1","public/v0","1","false","false","false"
"SIF_TROPOMI_740DC_5X_8D_2020_V1","public/v0","1","false","false","false"
"SIF_TROPOMI_740DC_5X_8D_2021_V1","public/v0","1","false","false","false"
"SIF_TROPOMI_740DC_5X_8D_2022_V1","public/v0","1","false","false","false"
"SIF_TROPOMI_740_12X_1M_2018_V1","public/v0","1","false","false","false"
"SIF_TROPOMI_740_12X_1M_2019_V1","public/v0","1","false","false","false"
"SIF_TROPOMI_740_12X_1M_2020_V1","public/v0","1","false","false","false"
"SIF_TROPOMI_740_12X_1M_2021_V1","public/v0","1","false","false","false"
"SIF_TROPOMI_740_12X_1M_2022_V1","public/v0","1","false","false","false"
"SIF_TROPOMI_740_12X_8D_2018_V1","public/v0","1","false","false","false"
"SIF_TROPOMI_740_12X_8D_2019_V1","public/v0","1","false","false","false"
"SIF_TROPOMI_740_12X_8D_2020_V1","public/v0","1","false","false","false"
"SIF_TROPOMI_740_12X_8D_2021_V1","public/v0","1","false","false","false"
"SIF_TROPOMI_740_12X_8D_2022_V1","public/v0","1","false","false","false"
"SIF_TROPOMI_740_1X_1M_2018_V1","public/v0","1","false","false","false"
"SIF_TROPOMI_740_1X_1M_2019_V1","public/v0","1","false","false","false"
"SIF_TROPOMI_740_1X_1M_2020_V1","public/v0","1","false","false","false"
"SIF_TROPOMI_740_1X_1M_2021_V1","public/v0","1","false","false","false"
"SIF_TROPOMI_740_1X_1M_2022_V1","public/v0","1","false","false","false"
"SIF_TROPOMI_740_1X_8D_2018_V1","public/v0","1","false","false","false"
"SIF_TROPOMI_740_1X_8D_2019_V1","public/v0","1","false","false","false"
"SIF_TROPOMI_740_1X_8D_2020_V1","public/v0","1","false","false","false"
"SIF_TROPOMI_740_1X_8D_2021_V1","public/v0","1","false","false","false"
"SIF_TROPOMI_740_1X_8D_2022_V1","public/v0","1","false","false","false"
"SIF_TROPOMI_740_2X_1M_2018_V1","public/v0","1","false","false","false"
"SIF_TROPOMI_740_2X_1M_2019_V1","public/v0","1","false","false","false"
"SIF_TROPOMI_740_2X_1M_2020_V1","public/v0","1","false","false","false"
"SIF_TROPOMI_740_2X_1M_2021_V1","public/v0","1","false","false","false"
"SIF_TROPOMI_740_2X_1M_2022_V1","public/v0","1","false","false","false"
"SIF_TROPOMI_740_2X_8D_2018_V1","public/v0","1","false","false","false"
"SIF_TROPOMI_740_2X_8D_2019_V1","public/v0","1","false","false","false"
"SIF_TROPOMI_740_2X_8D_2020_V1","public/v0","1","false","false","false"
"SIF_TROPOMI_740_2X_8D_2021_V1","public/v0","1","false","false","false"
"SIF_TROPOMI_740_2X_8D_2022_V1","public/v0","1","false","false","false"
"SIF_TROPOMI_740_4X_1M_2018_V1","public/v0","1","false","false","false"
"SIF_TROPOMI_740_4X_1M_2019_V1","public/v0","1","false","false","false"
"SIF_TROPOMI_740_4X_1M_2020_V1","public/v0","1","false","false","false"
"SIF_TROPOMI_740_4X_1M_2021_V1","public/v0","1","false","false","false"
"SIF_TROPOMI_740_4X_1M_2022_V1","public/v0","1","false","false","false"
"SIF_TROPOMI_740_4X_8D_2018_V1","public/v0","1","false","false","false"
"SIF_TROPOMI_740_4X_8D_2019_V1","public/v0","1","false","false","false"
"SIF_TROPOMI_740_4X_8D_2020_V1","public/v0","1","false","false","false"
"SIF_TROPOMI_740_4X_8D_2021_V1","public/v0","1","false","false","false"
"SIF_TROPOMI_740_4X_8D_2022_V1","public/v0","1","false","false","false"
"SIF_TROPOMI_740_5X_1M_2018_V1","public/v0","1","false","false","false"
"SIF_TROPOMI_740_5X_1M_2019_V1","public/v0","1","false","false","false"
"SIF_TROPOMI_740_5X_1M_2020_V1","public/v0","1","false","false","false"
"SIF_TROPOMI_740_5X_1M_2021_V1","public/v0","1","false","false","false"
"SIF_TROPOMI_740_5X_1M_2022_V1","public/v0","1","false","false","false"
"SIF_TROPOMI_740_5X_8D_2018_V1","public/v0","1","false","false","false"
"SIF_TROPOMI_740_5X_8D_2019_V1","public/v0","1","false","false","false"
"SIF_TROPOMI_740_5X_8D_2020_V1","public/v0","1","false","false","false"
"SIF_TROPOMI_740_5X_8D_2021_V1","public/v0","1","false","false","false"
"SIF_TROPOMI_740_5X_8D_2022_V1","public/v0","1","false","false","false"
"SIL_20X_1Y_V1","public/v0","1","false","false","false"
"SLA_12X_1Y_V3","public/v0","1","false","false","false"
"SLA_2X_1Y_V1","public/v0","2","true","true","true"
"SLA_2X_1Y_V1_R1","public/v0","2","false","false","false"
"SLA_2X_1Y_V2","public/v0","1","false","false","false"
"SLA_36X_1Y_V3","public/v0","1","false","false","false"
"SLA_VCMAX_2X_1Y_V2_R1","public/v0","2","false","false","false"
"SOIL_KSAT_100X_1Y_V2","public/v0","1","false","false","false"
"SOIL_SWCR_120X_1Y_V1","public/v0","1","false","false","false"
"SOIL_SWCR_12X_1Y_V1","public/v0","2","true","true","true"
"SOIL_SWCS_120X_1Y_V1","public/v0","1","false","false","false"
"SOIL_SWCS_12X_1Y_V1","public/v0","2","true","true","true"
"SOIL_TEXTURE_1X_1Y_V1","public/v0","1","false","false","false"
"SOIL_TEXTURE_4X_1Y_V1","public/v0","1","false","false","false"
"SOIL_VGA_120X_1Y_V1","public/v0","1","false","false","false"
"SOIL_VGA_12X_1Y_V1","public/v0","2","true","true","true"
"SOIL_VGN_120X_1Y_V1","public/v0","1","false","false","false"
"SOIL_VGN_12X_1Y_V1","public/v0","2","true","true","true"
"TAIR_ERA5_1X_1H_2000_V1","public/wd1","1","false","false","false"
"TAIR_ERA5_1X_1H_2001_V1","public/wd1","1","false","false","false"
"TAIR_ERA5_1X_1H_2002_V1","public/wd1","1","false","false","false"
"TAIR_ERA5_1X_1H_2003_V1","public/wd1","1","false","false","false"
"TAIR_ERA5_1X_1H_2004_V1","public/wd1","1","false","false","false"
"TAIR_ERA5_1X_1H_2005_V1","public/wd1","1","false","false","false"
"TAIR_ERA5_1X_1H_2006_V1","public/wd1","1","false","false","false"
"TAIR_ERA5_1X_1H_2007_V1","public/wd1","1","false","false","false"
"TAIR_ERA5_1X_1H_2008_V1","public/wd1","1","false","false","false"
"TAIR_ERA5_1X_1H_2009_V1","public/wd1","1","false","false","false"
"TAIR_ERA5_1X_1H_2010_V1","public/wd1","1","false","false","false"
"TAIR_ERA5_1X_1H_2011_V1","public/wd1","1","false","false","false"
"TAIR_ERA5_1X_1H_2012_V1","public/wd1","1","false","false","false"
"TAIR_ERA5_1X_1H_2013_V1","public/wd1","1","false","false","false"
"TAIR_ERA5_1X_1H_2014_V1","public/wd1","1","false","false","false"
"TAIR_ERA5_1X_1H_2015_V1","public/wd1","1","false","false","false"
"TAIR_ERA5_1X_1H_2016_V1","public/wd1","1","false","false","false"
"TAIR_ERA5_1X_1H_2017_V1","public/wd1","1","false","false","false"
"TAIR_ERA5_1X_1H_2018_V1","public/wd1","1","false","false","false"
"TAIR_ERA5_1X_1H_2019_V1","public/wd1","2","false","false","false"
"TAIR_ERA5_1X_1H_2020_V1","public/wd1","1","false","false","false"
"TAIR_ERA5_1X_1H_2021_V1","public/wd1","1","false","false","false"
"TAIR_ERA5_1X_1H_2022_V1","public/wd1","1","false","false","false"
"TAIR_ERA5_1X_1H_2023_V1","public/wd1","1","false","false","false"
"TD_120X_1Y_V1","public/v0","1","false","false","false"
"TD_2X_1Y_V1","public/v0","1","false","false","false"
"VCF_MODIS_MOD44B_2X_1Y_2000_V1","public/v0","1","false","false","false"
"VCF_MODIS_MOD44B_2X_1Y_2001_V1","public/v0","1","false","false","false"
"VCF_MODIS_MOD44B_2X_1Y_2002_V1","public/v0","1","false","false","false"
"VCF_MODIS_MOD44B_2X_1Y_2003_V1","public/v0","1","false","false","false"
"VCF_MODIS_MOD44B_2X_1Y_2004_V1","public/v0","1","false","false","false"
"VCF_MODIS_MOD44B_2X_1Y_2005_V1","public/v0","1","false","false","false"
"VCF_MODIS_MOD44B_2X_1Y_2006_V1","public/v0","1","false","false","false"
"VCF_MODIS_MOD44B_2X_1Y_2007_V1","public/v0","1","false","false","false"
"VCF_MODIS_MOD44B_2X_1Y_2008_V1","public/v0","1","false","false","false"
"VCF_MODIS_MOD44B_2X_1Y_2009_V1","public/v0","1","false","false","false"
"VCF_MODIS_MOD44B_2X_1Y_2010_V1","public/v0","1","false","false","false"
"VCF_MODIS_MOD44B_2X_1Y_2011_V1","public/v0","1","false","false","false"
"VCF_MODIS_MOD44B_2X_1Y_2012_V1","public/v0","1","false","false","false"
"VCF_MODIS_MOD44B_2X_1Y_2013_V1","public/v0","1","false","false","false"
"VCF_MODIS_MOD44B_2X_1Y_2014_V1","public/v0","1","false","false","false"
"VCF_MODIS_MOD44B_2X_1Y_2015_V1","public/v0","1","false","false","false"
"VCF_MODIS_MOD44B_2X_1Y_2016_V1","public/v0","1","false","false","false"
"VCF_MODIS_MOD44B_2X_1Y_2017_V1","public/v0","1","false","false","false"
"VCF_MODIS_MOD44B_2X_1Y_2018_V1","public/v0","1","false","false","false"
"VCF_MODIS_MOD44B_2X_1Y_2019_V1","public/v0","1","false","false","false"
"VCF_MODIS_MOD44B_2X_1Y_2020_V1","public/v0","1","false","false","false"
"VCF_MODIS_MOD44B_2X_1Y_2021_V1","public/v0","1","false","false","false"
"VCMAX_2X_1Y_V1","public/v0","1","false","false","false"
"VCMAX_2X_1Y_V2","public/v0","2","true","true","true"
"VCMAX_CESM_1X_1M_V3","public/v0","1","false","false","false"
"VCMAX_CESM_LUNA_1X_1M_V3","public/v0","1","false","false","false"
"VPD_ERA5_1X_1H_2000_V1","public/wd1","1","false","false","false"
"VPD_ERA5_1X_1H_2001_V1","public/wd1","1","false","false","false"
"VPD_ERA5_1X_1H_2002_V1","public/wd1","1","false","false","false"
"VPD_ERA5_1X_1H_2003_V1","public/wd1","1","false","false","false"
"VPD_ERA5_1X_1H_2004_V1","public/wd1","1","false","false","false"
"VPD_ERA5_1X_1H_2005_V1","public/wd1","1","false","false","false"
"VPD_ERA5_1X_1H_2006_V1","public/wd1","1","false","false","false"
"VPD_ERA5_1X_1H_2007_V1","public/wd1","1","false","false","false"
"VPD_ERA5_1X_1H_2008_V1","public/wd1","1","false","false","false"
"VPD_ERA5_1X_1H_2009_V1","public/wd1","1","false","false","false"
"VPD_ERA5_1X_1H_2010_V1","public/wd1","1","false","false","false"
"VPD_ERA5_1X_1H_2011_V1","public/wd1","1","false","false","false"
"VPD_ERA5_1X_1H_2012_V1","public/wd1","1","false","false","false"
"VPD_ERA5_1X_1H_2013_V1","public/wd1","1","false","false","false"
"VPD_ERA5_1X_1H_2014_V1","public/wd1","1","false","false","false"
"VPD_ERA5_1X_1H_2015_V1","public/wd1","1","false","false","false"
"VPD_ERA5_1X_1H_2016_V1","public/wd1","1","false","false","false"
"VPD_ERA5_1X_1H_2017_V1","public/wd1","1","false","false","false"
"VPD_ERA5_1X_1H_2018_V1","public/wd1","1","false","false","false"
"VPD_ERA5_1X_1H_2019_V1","public/wd1","2","false","false","false"
"VPD_ERA5_1X_1H_2020_V1","public/wd1","1","false","false","false"
"VPD_ERA5_1X_1H_2021_V1","public/wd1","1","false","false","false"
"VPD_ERA5_1X_1H_2022_V1","public/wd1","1","false","false","false"
"VPD_ERA5_1X_1H_2023_V1","public/wd1","1","false","false","false"
"WD_2X_1Y_V1","public/v0","1","false","false","false"
"WIND_ERA5_1X_1H_2000_V1","public/wd1","1","false","false","false"
"WIND_ERA5_1X_1H_2001_V1","public/wd1","1","false","false","false"
"WIND_ERA5_1X_1H_2002_V1","public/wd1","1","false","false","false"
"WIND_ERA5_1X_1H_2003_V1","public/wd1","1","false","false","false"
"WIND_ERA5_1X_1H_2004_V1","public/wd1","1","false","false","false"
"WIND_ERA5_1X_1H_2005_V1","public/wd1","1","false","false","false"
"WIND_ERA5_1X_1H_2006_V1","public/wd1","1","false","false","false"
"WIND_ERA5_1X_1H_2007_V1","public/wd1","1","false","false","false"
"WIND_ERA5_1X_1H_2008_V1","public/wd1","1","false","false","false"
"WIND_ERA5_1X_1H_2009_V1","public/wd1","1","false","false","false"
"WIND_ERA5_1X_1H_2010_V1","public/wd1","1","false","false","false"
"WIND_ERA5_1X_1H_2011_V1","public/wd1","1","false","false","false"
"WIND_ERA5_1X_1H_2012_V1","public/wd1","1","false","false","false"
"WIND_ERA5_1X_1H_2013_V1","public/wd1","1","false","false","false"
"WIND_ERA5_1X_1H_2014_V1","public/wd1","1","false","false","false"
"WIND_ERA5_1X_1H_2015_V1","public/wd1","1","false","false","false"
"WIND_ERA5_1X_1H_2016_V1","public/wd1","1","false","false","false"
"WIND_ERA5_1X_1H_2017_V1","public/wd1","1","false","false","false"
"WIND_ERA5_1X_1H_2018_V1","public/wd1","1","false","false","false"
"WIND_ERA5_1X_1H_2019_V1","public/wd1","2","false","false","false"
"WIND_ERA5_1X_1H_2020_V1","public/wd1","1","false","false","false"
"WIND_ERA5_1X_1H_2021_V1","public/wd1","1","false","false","false"
"WIND_ERA5_1X_1H_2022_V1","public/wd1","1","false","false","false"
"WIND_ERA5_1X_1H_2023_V1","public/wd1","1","false","false","false"
